,Year,State,Death_Cause,Deaths,Population
0,1999,Alabama,suicide,436,4430141
1,1999,Alabama,homicide,293,4430141
2,1999,Alaska,suicide,55,624779
3,1999,Alaska,homicide,27,624779
4,1999,Arizona,suicide,477,5023823
5,1999,Arizona,homicide,303,5023823
6,1999,Arkansas,suicide,236,2651860
7,1999,Arkansas,homicide,120,2651860
8,1999,California,suicide,1534,33499204
9,1999,California,homicide,1387,33499204
10,1999,Colorado,suicide,316,4226018
11,1999,Colorado,homicide,122,4226018
12,1999,Connecticut,suicide,111,3386401
13,1999,Connecticut,homicide,84,3386401
14,1999,Delaware,suicide,44,774990
15,1999,Delaware,homicide,18,774990
16,1999,District of Columbia,suicide,13,570213
17,1999,District of Columbia,homicide,145,570213
18,1999,Florida,suicide,1138,15759421
19,1999,Florida,homicide,547,15759421
20,1999,Georgia,suicide,630,8045965
21,1999,Georgia,homicide,440,8045965
22,1999,Hawaii,suicide,24,1210300
23,1999,Hawaii,homicide,19,1210300
24,1999,Idaho,suicide,127,1275674
25,1999,Idaho,homicide,16,1275674
26,1999,Illinois,suicide,481,12359020
27,1999,Illinois,homicide,690,12359020
28,1999,Indiana,suicide,372,6044969
29,1999,Indiana,homicide,271,6044969
30,1999,Iowa,suicide,169,2917634
31,1999,Iowa,homicide,28,2917634
32,1999,Kansas,suicide,169,2678338
33,1999,Kansas,homicide,88,2678338
34,1999,Kentucky,suicide,337,4018053
35,1999,Kentucky,homicide,142,4018053
36,1999,Louisiana,suicide,389,4460811
37,1999,Louisiana,homicide,343,4460811
38,1999,Maine,suicide,92,1266808
39,1999,Maine,homicide,15,1266808
40,1999,Maryland,suicide,242,5254509
41,1999,Maryland,homicide,396,5254509
42,1999,Massachusetts,suicide,118,6317345
43,1999,Massachusetts,homicide,71,6317345
44,1999,Michigan,suicide,550,9897116
45,1999,Michigan,homicide,517,9897116
46,1999,Minnesota,suicide,233,4873481
47,1999,Minnesota,homicide,54,4873481
48,1999,Mississippi,suicide,246,2828408
49,1999,Mississippi,homicide,215,2828408
50,1999,Missouri,suicide,428,5561948
51,1999,Missouri,homicide,245,5561948
52,1999,Montana,suicide,96,897507
53,1999,Montana,homicide,17,897507
54,1999,Nebraska,suicide,109,1704764
55,1999,Nebraska,homicide,29,1704764
56,1999,Nevada,suicide,259,1934718
57,1999,Nevada,homicide,102,1934718
58,1999,New Hampshire,suicide,64,1222014
59,1999,New Jersey,suicide,195,8359592
60,1999,New Jersey,homicide,153,8359592
61,1999,New Mexico,suicide,180,1808082
62,1999,New Mexico,homicide,91,1808082
63,1999,New York,suicide,439,18882725
64,1999,New York,homicide,544,18882725
65,1999,North Carolina,suicide,572,7949361
66,1999,North Carolina,homicide,461,7949361
67,1999,North Dakota,suicide,39,644259
68,1999,Ohio,suicide,631,11335454
69,1999,Ohio,homicide,256,11335454
70,1999,Oklahoma,suicide,323,3437147
71,1999,Oklahoma,homicide,150,3437147
72,1999,Oregon,suicide,310,3393941
73,1999,Oregon,homicide,60,3393941
74,1999,Pennsylvania,suicide,711,12263805
75,1999,Pennsylvania,homicide,430,12263805
76,1999,Rhode Island,suicide,35,1040402
77,1999,Rhode Island,homicide,21,1040402
78,1999,South Carolina,suicide,287,3974682
79,1999,South Carolina,homicide,223,3974682
80,1999,South Dakota,suicide,56,750412
81,1999,Tennessee,suicide,503,5638706
82,1999,Tennessee,homicide,287,5638706
83,1999,Texas,suicide,1230,20558220
84,1999,Texas,homicide,795,20558220
85,1999,Utah,suicide,153,2203482
86,1999,Utah,homicide,30,2203482
87,1999,Vermont,suicide,49,604683
88,1999,Virginia,suicide,505,7000174
89,1999,Virginia,homicide,281,7000174
90,1999,Washington,suicide,450,5842564
91,1999,Washington,homicide,108,5842564
92,1999,West Virginia,suicide,172,1811799
93,1999,West Virginia,homicide,63,1811799
94,1999,Wisconsin,suicide,303,5332666
95,1999,Wisconsin,homicide,128,5332666
96,1999,Wyoming,suicide,63,491780
97,2000,Alabama,suicide,428,4447100
98,2000,Alabama,homicide,294,4447100
99,2000,Alaska,suicide,96,626932
100,2000,Alaska,homicide,16,626932
101,2000,Arizona,suicide,490,5130632
102,2000,Arizona,homicide,275,5130632
103,2000,Arkansas,suicide,245,2673400
104,2000,Arkansas,homicide,141,2673400
105,2000,California,suicide,1487,33871648
106,2000,California,homicide,1485,33871648
107,2000,Colorado,suicide,354,4301261
108,2000,Colorado,homicide,84,4301261
109,2000,Connecticut,suicide,115,3405565
110,2000,Connecticut,homicide,61,3405565
111,2000,Delaware,suicide,40,783600
112,2000,District of Columbia,homicide,138,572059
113,2000,Florida,suicide,1189,15982378
114,2000,Florida,homicide,467,15982378
115,2000,Georgia,suicide,594,8186453
116,2000,Georgia,homicide,446,8186453
117,2000,Hawaii,suicide,37,1211537
118,2000,Idaho,suicide,107,1293953
119,2000,Idaho,homicide,14,1293953
120,2000,Illinois,suicide,433,12419293
121,2000,Illinois,homicide,676,12419293
122,2000,Indiana,suicide,420,6080485
123,2000,Indiana,homicide,218,6080485
124,2000,Iowa,suicide,161,2926324
125,2000,Iowa,homicide,25,2926324
126,2000,Kansas,suicide,186,2688418
127,2000,Kansas,homicide,101,2688418
128,2000,Kentucky,suicide,374,4041769
129,2000,Kentucky,homicide,133,4041769
130,2000,Louisiana,suicide,328,4468976
131,2000,Louisiana,homicide,427,4468976
132,2000,Maine,suicide,98,1274923
133,2000,Maine,homicide,11,1274923
134,2000,Maryland,suicide,246,5296486
135,2000,Maryland,homicide,353,5296486
136,2000,Massachusetts,suicide,105,6349097
137,2000,Massachusetts,homicide,67,6349097
138,2000,Michigan,suicide,538,9938444
139,2000,Michigan,homicide,507,9938444
140,2000,Minnesota,suicide,226,4919479
141,2000,Minnesota,homicide,78,4919479
142,2000,Mississippi,suicide,225,2844658
143,2000,Mississippi,homicide,214,2844658
144,2000,Missouri,suicide,439,5595211
145,2000,Missouri,homicide,273,5595211
146,2000,Montana,suicide,107,902195
147,2000,Montana,homicide,17,902195
148,2000,Nebraska,suicide,115,1711263
149,2000,Nebraska,homicide,41,1711263
150,2000,Nevada,suicide,241,1998257
151,2000,Nevada,homicide,89,1998257
152,2000,New Hampshire,suicide,71,1235786
153,2000,New Jersey,suicide,154,8414350
154,2000,New Jersey,homicide,172,8414350
155,2000,New Mexico,suicide,175,1819046
156,2000,New Mexico,homicide,99,1819046
157,2000,New York,suicide,451,18976457
158,2000,New York,homicide,602,18976457
159,2000,North Carolina,suicide,624,8049313
160,2000,North Carolina,homicide,459,8049313
161,2000,North Dakota,suicide,36,642200
162,2000,Ohio,suicide,588,11353140
163,2000,Ohio,homicide,253,11353140
164,2000,Oklahoma,suicide,303,3450654
165,2000,Oklahoma,homicide,116,3450654
166,2000,Oregon,suicide,303,3421399
167,2000,Oregon,homicide,63,3421399
168,2000,Pennsylvania,suicide,760,12281054
169,2000,Pennsylvania,homicide,440,12281054
170,2000,Rhode Island,suicide,27,1048319
171,2000,Rhode Island,homicide,27,1048319
172,2000,South Carolina,suicide,297,4012012
173,2000,South Carolina,homicide,170,4012012
174,2000,South Dakota,suicide,51,754844
175,2000,Tennessee,suicide,505,5689283
176,2000,Tennessee,homicide,343,5689283
177,2000,Texas,suicide,1281,20851820
178,2000,Texas,homicide,806,20851820
179,2000,Utah,suicide,174,2233169
180,2000,Utah,homicide,17,2233169
181,2000,Vermont,suicide,47,608827
182,2000,Virginia,suicide,484,7078515
183,2000,Virginia,homicide,284,7078515
184,2000,Washington,suicide,391,5894121
185,2000,Washington,homicide,114,5894121
186,2000,West Virginia,suicide,174,1808344
187,2000,West Virginia,homicide,56,1808344
188,2000,Wisconsin,suicide,312,5363675
189,2000,Wisconsin,homicide,113,5363675
190,2000,Wyoming,suicide,52,493782
191,2001,Alabama,suicide,389,4467634
192,2001,Alabama,homicide,303,4467634
193,2001,Alaska,suicide,65,633714
194,2001,Alaska,homicide,25,633714
195,2001,Arizona,suicide,469,5273477
196,2001,Arizona,homicide,332,5273477
197,2001,Arkansas,suicide,275,2691571
198,2001,Arkansas,homicide,113,2691571
199,2001,California,suicide,1451,34479458
200,2001,California,homicide,1591,34479458
201,2001,Colorado,suicide,391,4425687
202,2001,Colorado,homicide,98,4425687
203,2001,Connecticut,suicide,115,3432835
204,2001,Connecticut,homicide,72,3432835
205,2001,Delaware,suicide,53,795699
206,2001,Delaware,homicide,19,795699
207,2001,District of Columbia,suicide,21,574504
208,2001,District of Columbia,homicide,142,574504
209,2001,Florida,suicide,1197,16356966
210,2001,Florida,homicide,574,16356966
211,2001,Georgia,suicide,629,8377038
212,2001,Georgia,homicide,455,8377038
213,2001,Hawaii,suicide,31,1225948
214,2001,Idaho,suicide,138,1319962
215,2001,Idaho,homicide,25,1319962
216,2001,Illinois,suicide,507,12488445
217,2001,Illinois,homicide,747,12488445
218,2001,Indiana,suicide,417,6127760
219,2001,Indiana,homicide,291,6127760
220,2001,Iowa,suicide,158,2931997
221,2001,Iowa,homicide,24,2931997
222,2001,Kansas,suicide,161,2702162
223,2001,Kansas,homicide,91,2702162
224,2001,Kentucky,suicide,332,4068132
225,2001,Kentucky,homicide,139,4068132
226,2001,Louisiana,suicide,353,4477875
227,2001,Louisiana,homicide,401,4477875
228,2001,Maine,suicide,87,1285692
229,2001,Maryland,suicide,221,5374691
230,2001,Maryland,homicide,363,5374691
231,2001,Massachusetts,suicide,107,6397634
232,2001,Massachusetts,homicide,80,6397634
233,2001,Michigan,suicide,547,9991120
234,2001,Michigan,homicide,500,9991120
235,2001,Minnesota,suicide,243,4982796
236,2001,Minnesota,homicide,68,4982796
237,2001,Mississippi,suicide,242,2852994
238,2001,Mississippi,homicide,225,2852994
239,2001,Missouri,suicide,432,5641142
240,2001,Missouri,homicide,277,5641142
241,2001,Montana,suicide,133,906961
242,2001,Montana,homicide,20,906961
243,2001,Nebraska,suicide,107,1719836
244,2001,Nebraska,homicide,21,1719836
245,2001,Nevada,suicide,219,2098399
246,2001,Nevada,homicide,110,2098399
247,2001,New Hampshire,suicide,79,1255517
248,2001,New Hampshire,homicide,10,1255517
249,2001,New Jersey,suicide,167,8492671
250,2001,New Jersey,homicide,186,8492671
251,2001,New Mexico,suicide,188,1831690
252,2001,New Mexico,homicide,67,1831690
253,2001,New York,suicide,457,19082838
254,2001,New York,homicide,583,19082838
255,2001,North Carolina,suicide,636,8210122
256,2001,North Carolina,homicide,419,8210122
257,2001,North Dakota,suicide,41,639062
258,2001,Ohio,suicide,678,11387404
259,2001,Ohio,homicide,316,11387404
260,2001,Oklahoma,suicide,332,3467100
261,2001,Oklahoma,homicide,126,3467100
262,2001,Oregon,suicide,282,3467937
263,2001,Oregon,homicide,47,3467937
264,2001,Pennsylvania,suicide,685,12298970
265,2001,Pennsylvania,homicide,444,12298970
266,2001,Rhode Island,suicide,25,1057142
267,2001,Rhode Island,homicide,20,1057142
268,2001,South Carolina,suicide,312,4064995
269,2001,South Carolina,homicide,229,4064995
270,2001,South Dakota,suicide,43,757972
271,2001,Tennessee,suicide,482,5750789
272,2001,Tennessee,homicide,307,5750789
273,2001,Texas,suicide,1380,21319622
274,2001,Texas,homicide,877,21319622
275,2001,Utah,suicide,182,2283715
276,2001,Utah,homicide,40,2283715
277,2001,Vermont,suicide,43,612223
278,2001,Virginia,suicide,467,7198362
279,2001,Virginia,homicide,275,7198362
280,2001,Washington,suicide,391,5985722
281,2001,Washington,homicide,106,5985722
282,2001,West Virginia,suicide,195,1801481
283,2001,West Virginia,homicide,38,1801481
284,2001,Wisconsin,suicide,322,5406835
285,2001,Wisconsin,homicide,134,5406835
286,2001,Wyoming,suicide,61,494657
287,2002,Alabama,suicide,382,4480089
288,2002,Alabama,homicide,292,4480089
289,2002,Alaska,suicide,92,642337
290,2002,Alaska,homicide,26,642337
291,2002,Arizona,suicide,559,5396255
292,2002,Arizona,homicide,356,5396255
293,2002,Arkansas,suicide,260,2705927
294,2002,Arkansas,homicide,146,2705927
295,2002,California,suicide,1494,34871843
296,2002,California,homicide,1818,34871843
297,2002,Colorado,suicide,381,4490406
298,2002,Colorado,homicide,116,4490406
299,2002,Connecticut,suicide,85,3458749
300,2002,Connecticut,homicide,57,3458749
301,2002,Delaware,suicide,38,806169
302,2002,Delaware,homicide,28,806169
303,2002,District of Columbia,suicide,13,573158
304,2002,District of Columbia,homicide,176,573158
305,2002,Florida,suicide,1206,16689370
306,2002,Florida,homicide,636,16689370
307,2002,Georgia,suicide,615,8508256
308,2002,Georgia,homicide,479,8508256
309,2002,Hawaii,suicide,21,1239613
310,2002,Hawaii,homicide,15,1239613
311,2002,Idaho,suicide,138,1340372
312,2002,Idaho,homicide,15,1340372
313,2002,Illinois,suicide,471,12525556
314,2002,Illinois,homicide,731,12525556
315,2002,Indiana,suicide,449,6155967
316,2002,Indiana,homicide,243,6155967
317,2002,Iowa,suicide,158,2934234
318,2002,Iowa,homicide,30,2934234
319,2002,Kansas,suicide,185,2713535
320,2002,Kansas,homicide,74,2713535
321,2002,Kentucky,suicide,364,4089875
322,2002,Kentucky,homicide,127,4089875
323,2002,Louisiana,suicide,351,4497267
324,2002,Louisiana,homicide,469,4497267
325,2002,Maine,suicide,79,1295960
326,2002,Maryland,suicide,233,5440389
327,2002,Maryland,homicide,365,5440389
328,2002,Massachusetts,suicide,99,6417206
329,2002,Massachusetts,homicide,94,6417206
330,2002,Michigan,suicide,582,10015710
331,2002,Michigan,homicide,492,10015710
332,2002,Minnesota,suicide,239,5018935
333,2002,Minnesota,homicide,55,5018935
334,2002,Mississippi,suicide,254,2858681
335,2002,Mississippi,homicide,209,2858681
336,2002,Missouri,suicide,425,5674825
337,2002,Missouri,homicide,253,5674825
338,2002,Montana,suicide,115,911667
339,2002,Nebraska,suicide,105,1728292
340,2002,Nebraska,homicide,27,1728292
341,2002,Nevada,suicide,246,2173791
342,2002,Nevada,homicide,114,2173791
343,2002,New Hampshire,suicide,66,1269089
344,2002,New Jersey,suicide,176,8552643
345,2002,New Jersey,homicide,208,8552643
346,2002,New Mexico,suicide,211,1855309
347,2002,New Mexico,homicide,81,1855309
348,2002,New York,suicide,411,19137800
349,2002,New York,homicide,550,19137800
350,2002,North Carolina,suicide,633,8326201
351,2002,North Carolina,homicide,467,8326201
352,2002,North Dakota,suicide,54,638168
353,2002,Ohio,suicide,677,11407889
354,2002,Ohio,homicide,354,11407889
355,2002,Oklahoma,suicide,313,3489080
356,2002,Oklahoma,homicide,113,3489080
357,2002,Oregon,suicide,292,3513424
358,2002,Oregon,homicide,64,3513424
359,2002,Pennsylvania,suicide,724,12331031
360,2002,Pennsylvania,homicide,457,12331031
361,2002,Rhode Island,suicide,31,1065995
362,2002,Rhode Island,homicide,25,1065995
363,2002,South Carolina,suicide,304,4107795
364,2002,South Carolina,homicide,227,4107795
365,2002,South Dakota,suicide,50,760020
366,2002,Tennessee,suicide,523,5795918
367,2002,Tennessee,homicide,323,5795918
368,2002,Texas,suicide,1316,21690325
369,2002,Texas,homicide,890,21690325
370,2002,Utah,suicide,174,2324815
371,2002,Utah,homicide,27,2324815
372,2002,Vermont,suicide,54,615442
373,2002,Virginia,suicide,492,7286873
374,2002,Virginia,homicide,287,7286873
375,2002,Washington,suicide,437,6052349
376,2002,Washington,homicide,110,6052349
377,2002,West Virginia,suicide,189,1805414
378,2002,West Virginia,homicide,66,1805414
379,2002,Wisconsin,suicide,309,5445162
380,2002,Wisconsin,homicide,122,5445162
381,2002,Wyoming,suicide,82,500017
382,2003,Alabama,suicide,399,4503491
383,2003,Alabama,homicide,322,4503491
384,2003,Alaska,suicide,79,648414
385,2003,Alaska,homicide,32,648414
386,2003,Arizona,suicide,487,5510364
387,2003,Arizona,homicide,325,5510364
388,2003,Arkansas,suicide,258,2724816
389,2003,Arkansas,homicide,123,2724816
390,2003,California,suicide,1506,35253159
391,2003,California,homicide,1788,35253159
392,2003,Colorado,suicide,363,4528732
393,2003,Colorado,homicide,118,4528732
394,2003,Connecticut,suicide,89,3484336
395,2003,Connecticut,homicide,56,3484336
396,2003,Delaware,suicide,42,818003
397,2003,Delaware,homicide,18,818003
398,2003,District of Columbia,suicide,10,568502
399,2003,District of Columbia,homicide,156,568502
400,2003,Florida,suicide,1244,17004085
401,2003,Florida,homicide,661,17004085
402,2003,Georgia,suicide,658,8622793
403,2003,Georgia,homicide,494,8622793
404,2003,Hawaii,suicide,24,1251154
405,2003,Hawaii,homicide,10,1251154
406,2003,Idaho,suicide,137,1363380
407,2003,Idaho,homicide,19,1363380
408,2003,Illinois,suicide,406,12556006
409,2003,Illinois,homicide,700,12556006
410,2003,Indiana,suicide,425,6196638
411,2003,Indiana,homicide,247,6196638
412,2003,Iowa,suicide,178,2941999
413,2003,Iowa,homicide,24,2941999
414,2003,Kansas,suicide,211,2723004
415,2003,Kansas,homicide,78,2723004
416,2003,Kentucky,suicide,402,4117170
417,2003,Kentucky,homicide,115,4117170
418,2003,Louisiana,suicide,316,4521042
419,2003,Louisiana,homicide,475,4521042
420,2003,Maine,suicide,71,1306513
421,2003,Maryland,suicide,239,5496269
422,2003,Maryland,homicide,395,5496269
423,2003,Massachusetts,suicide,122,6422565
424,2003,Massachusetts,homicide,78,6422565
425,2003,Michigan,suicide,529,10041152
426,2003,Michigan,homicide,478,10041152
427,2003,Minnesota,suicide,244,5053572
428,2003,Minnesota,homicide,75,5053572
429,2003,Mississippi,suicide,247,2868312
430,2003,Mississippi,homicide,201,2868312
431,2003,Missouri,suicide,414,5709403
432,2003,Missouri,homicide,219,5709403
433,2003,Montana,suicide,121,919630
434,2003,Montana,homicide,20,919630
435,2003,Nebraska,suicide,91,1738643
436,2003,Nebraska,homicide,31,1738643
437,2003,Nevada,suicide,248,2248850
438,2003,Nevada,homicide,114,2248850
439,2003,New Hampshire,suicide,75,1279840
440,2003,New Jersey,suicide,183,8601402
441,2003,New Jersey,homicide,257,8601402
442,2003,New Mexico,suicide,212,1877574
443,2003,New Mexico,homicide,87,1877574
444,2003,New York,suicide,413,19175939
445,2003,New York,homicide,592,19175939
446,2003,North Carolina,suicide,623,8422501
447,2003,North Carolina,homicide,397,8422501
448,2003,North Dakota,suicide,41,638817
449,2003,North Dakota,homicide,12,638817
450,2003,Ohio,suicide,573,11434788
451,2003,Ohio,homicide,322,11434788
452,2003,Oklahoma,suicide,282,3504892
453,2003,Oklahoma,homicide,139,3504892
454,2003,Oregon,suicide,331,3547376
455,2003,Oregon,homicide,52,3547376
456,2003,Pennsylvania,suicide,728,12374658
457,2003,Pennsylvania,homicide,468,12374658
458,2003,Rhode Island,suicide,12,1071342
459,2003,Rhode Island,homicide,21,1071342
460,2003,South Carolina,suicide,329,4150297
461,2003,South Carolina,homicide,236,4150297
462,2003,South Dakota,suicide,60,763729
463,2003,Tennessee,suicide,495,5847812
464,2003,Tennessee,homicide,301,5847812
465,2003,Texas,suicide,1352,22030931
466,2003,Texas,homicide,977,22030931
467,2003,Utah,suicide,181,2360137
468,2003,Utah,homicide,37,2360137
469,2003,Vermont,suicide,38,617858
470,2003,Virginia,suicide,453,7366977
471,2003,Virginia,homicide,336,7366977
472,2003,Washington,suicide,436,6104115
473,2003,Washington,homicide,111,6104115
474,2003,West Virginia,suicide,192,1812295
475,2003,West Virginia,homicide,60,1812295
476,2003,Wisconsin,suicide,310,5479203
477,2003,Wisconsin,homicide,141,5479203
478,2003,Wyoming,suicide,75,503453
479,2004,Alabama,suicide,376,4530729
480,2004,Alabama,homicide,263,4530729
481,2004,Alaska,suicide,94,659286
482,2004,Alaska,homicide,20,659286
483,2004,Arizona,suicide,509,5652404
484,2004,Arizona,homicide,342,5652404
485,2004,Arkansas,suicide,232,2749686
486,2004,Arkansas,homicide,142,2749686
487,2004,California,suicide,1366,35574576
488,2004,California,homicide,1813,35574576
489,2004,Colorado,suicide,402,4575013
490,2004,Colorado,homicide,131,4575013
491,2004,Connecticut,suicide,106,3496094
492,2004,Connecticut,homicide,64,3496094
493,2004,Delaware,suicide,45,830803
494,2004,Delaware,homicide,27,830803
495,2004,District of Columbia,homicide,137,567754
496,2004,Florida,suicide,1198,17415318
497,2004,Florida,homicide,647,17415318
498,2004,Georgia,suicide,607,8769252
499,2004,Georgia,homicide,421,8769252
500,2004,Hawaii,suicide,31,1273569
501,2004,Idaho,suicide,152,1391802
502,2004,Idaho,homicide,16,1391802
503,2004,Illinois,suicide,387,12589773
504,2004,Illinois,homicide,576,12589773
505,2004,Indiana,suicide,385,6233007
506,2004,Indiana,homicide,224,6233007
507,2004,Iowa,suicide,156,2953635
508,2004,Iowa,homicide,30,2953635
509,2004,Kansas,suicide,204,2734373
510,2004,Kansas,homicide,85,2734373
511,2004,Kentucky,suicide,379,4146101
512,2004,Kentucky,homicide,152,4146101
513,2004,Louisiana,suicide,371,4552238
514,2004,Louisiana,homicide,480,4552238
515,2004,Maine,suicide,97,1313688
516,2004,Maine,homicide,11,1313688
517,2004,Maryland,suicide,250,5546935
518,2004,Maryland,homicide,386,5546935
519,2004,Massachusetts,suicide,95,6412281
520,2004,Massachusetts,homicide,106,6412281
521,2004,Michigan,suicide,534,10055315
522,2004,Michigan,homicide,489,10055315
523,2004,Minnesota,suicide,268,5087713
524,2004,Minnesota,homicide,85,5087713
525,2004,Mississippi,suicide,248,2889010
526,2004,Mississippi,homicide,202,2889010
527,2004,Missouri,suicide,395,5747741
528,2004,Missouri,homicide,257,5747741
529,2004,Montana,suicide,105,930009
530,2004,Montana,homicide,12,930009
531,2004,Nebraska,suicide,87,1749370
532,2004,Nebraska,homicide,24,1749370
533,2004,Nevada,suicide,249,2346222
534,2004,Nevada,homicide,123,2346222
535,2004,New Hampshire,suicide,57,1290121
536,2004,New Hampshire,homicide,11,1290121
537,2004,New Jersey,suicide,185,8634561
538,2004,New Jersey,homicide,253,8634561
539,2004,New Mexico,suicide,196,1903808
540,2004,New Mexico,homicide,81,1903808
541,2004,New York,suicide,404,19171567
542,2004,New York,homicide,520,19171567
543,2004,North Carolina,suicide,610,8553152
544,2004,North Carolina,homicide,411,8553152
545,2004,North Dakota,suicide,41,644705
546,2004,Ohio,suicide,659,11452251
547,2004,Ohio,homicide,340,11452251
548,2004,Oklahoma,suicide,312,3525233
549,2004,Oklahoma,homicide,125,3525233
550,2004,Oregon,suicide,299,3569463
551,2004,Oregon,homicide,66,3569463
552,2004,Pennsylvania,suicide,724,12410722
553,2004,Pennsylvania,homicide,504,12410722
554,2004,Rhode Island,suicide,22,1074579
555,2004,Rhode Island,homicide,18,1074579
556,2004,South Carolina,suicide,328,4210921
557,2004,South Carolina,homicide,221,4210921
558,2004,South Dakota,suicide,61,770396
559,2004,Tennessee,suicide,527,5910809
560,2004,Tennessee,homicide,286,5910809
561,2004,Texas,suicide,1321,22394023
562,2004,Texas,homicide,923,22394023
563,2004,Utah,suicide,183,2401580
564,2004,Utah,homicide,30,2401580
565,2004,Vermont,suicide,56,619920
566,2004,Virginia,suicide,495,7475575
567,2004,Virginia,homicide,296,7475575
568,2004,Washington,suicide,423,6178645
569,2004,Washington,homicide,122,6178645
570,2004,West Virginia,suicide,192,1816438
571,2004,West Virginia,homicide,52,1816438
572,2004,Wisconsin,suicide,309,5514026
573,2004,Wisconsin,homicide,94,5514026
574,2004,Wyoming,suicide,48,509106
575,2005,Alabama,suicide,371,4569805
576,2005,Alabama,homicide,322,4569805
577,2005,Alaska,suicide,87,666946
578,2005,Alaska,homicide,24,666946
579,2005,Arizona,suicide,515,5839077
580,2005,Arizona,homicide,377,5839077
581,2005,Arkansas,suicide,262,2781097
582,2005,Arkansas,homicide,154,2781097
583,2005,California,suicide,1330,35827943
584,2005,California,homicide,1878,35827943
585,2005,Colorado,suicide,396,4631888
586,2005,Colorado,homicide,115,4631888
587,2005,Connecticut,suicide,112,3506956
588,2005,Connecticut,homicide,66,3506956
589,2005,Delaware,suicide,42,845150
590,2005,Delaware,homicide,33,845150
591,2005,District of Columbia,suicide,10,567136
592,2005,District of Columbia,homicide,142,567136
593,2005,Florida,suicide,1163,17842038
594,2005,Florida,homicide,634,17842038
595,2005,Georgia,suicide,590,8925922
596,2005,Georgia,homicide,439,8925922
597,2005,Hawaii,suicide,22,1292729
598,2005,Idaho,suicide,160,1428241
599,2005,Idaho,homicide,28,1428241
600,2005,Illinois,suicide,425,12609903
601,2005,Illinois,homicide,569,12609903
602,2005,Indiana,suicide,417,6278616
603,2005,Indiana,homicide,257,6278616
604,2005,Iowa,suicide,172,2964454
605,2005,Iowa,homicide,23,2964454
606,2005,Kansas,suicide,188,2745299
607,2005,Kansas,homicide,61,2745299
608,2005,Kentucky,suicide,373,4182742
609,2005,Kentucky,homicide,152,4182742
610,2005,Louisiana,suicide,349,4576628
611,2005,Louisiana,homicide,458,4576628
612,2005,Maine,suicide,100,1318787
613,2005,Maryland,suicide,220,5592379
614,2005,Maryland,homicide,424,5592379
615,2005,Massachusetts,suicide,111,6403290
616,2005,Massachusetts,homicide,108,6403290
617,2005,Michigan,suicide,554,10051137
618,2005,Michigan,homicide,492,10051137
619,2005,Minnesota,suicide,256,5119598
620,2005,Minnesota,homicide,88,5119598
621,2005,Mississippi,suicide,253,2905943
622,2005,Mississippi,homicide,176,2905943
623,2005,Missouri,suicide,428,5790300
624,2005,Missouri,homicide,296,5790300
625,2005,Montana,suicide,135,940102
626,2005,Montana,homicide,17,940102
627,2005,Nebraska,suicide,101,1761497
628,2005,Nebraska,homicide,28,1761497
629,2005,Nevada,suicide,262,2432143
630,2005,Nevada,homicide,115,2432143
631,2005,New Hampshire,suicide,79,1298492
632,2005,New Jersey,suicide,136,8651974
633,2005,New Jersey,homicide,288,8651974
634,2005,New Mexico,suicide,178,1932274
635,2005,New Mexico,homicide,77,1932274
636,2005,New York,suicide,456,19132610
637,2005,New York,homicide,517,19132610
638,2005,North Carolina,suicide,634,8705407
639,2005,North Carolina,homicide,451,8705407
640,2005,North Dakota,suicide,56,646089
641,2005,Ohio,suicide,668,11463320
642,2005,Ohio,homicide,409,11463320
643,2005,Oklahoma,suicide,302,3548597
644,2005,Oklahoma,homicide,137,3548597
645,2005,Oregon,suicide,319,3613202
646,2005,Oregon,homicide,54,3613202
647,2005,Pennsylvania,suicide,768,12449990
648,2005,Pennsylvania,homicide,537,12449990
649,2005,Rhode Island,suicide,19,1067916
650,2005,Rhode Island,homicide,20,1067916
651,2005,South Carolina,suicide,314,4270150
652,2005,South Carolina,homicide,235,4270150
653,2005,South Dakota,suicide,71,775493
654,2005,Tennessee,suicide,553,5991057
655,2005,Tennessee,homicide,372,5991057
656,2005,Texas,suicide,1381,22778123
657,2005,Texas,homicide,1012,22778123
658,2005,Utah,suicide,190,2457719
659,2005,Utah,homicide,33,2457719
660,2005,Vermont,suicide,36,621215
661,2005,Virginia,suicide,511,7577105
662,2005,Virginia,homicide,354,7577105
663,2005,Washington,suicide,398,6257305
664,2005,Washington,homicide,141,6257305
665,2005,West Virginia,suicide,189,1820492
666,2005,West Virginia,homicide,57,1820492
667,2005,Wisconsin,suicide,302,5546166
668,2005,Wisconsin,homicide,159,5546166
669,2005,Wyoming,suicide,56,514157
670,2005,Wyoming,homicide,11,514157
671,2006,Alabama,suicide,402,4628981
672,2006,Alabama,homicide,334,4628981
673,2006,Alaska,suicide,79,675302
674,2006,Alaska,homicide,28,675302
675,2006,Arizona,suicide,563,6029141
676,2006,Arizona,homicide,388,6029141
677,2006,Arkansas,suicide,247,2821761
678,2006,Arkansas,homicide,155,2821761
679,2006,California,suicide,1322,36021202
680,2006,California,homicide,1887,36021202
681,2006,Colorado,suicide,373,4720423
682,2006,Colorado,homicide,104,4720423
683,2006,Connecticut,suicide,79,3517460
684,2006,Connecticut,homicide,92,3517460
685,2006,Delaware,suicide,42,859268
686,2006,Delaware,homicide,34,859268
687,2006,District of Columbia,suicide,10,570681
688,2006,District of Columbia,homicide,120,570681
689,2006,Florida,suicide,1228,18166990
690,2006,Florida,homicide,803,18166990
691,2006,Georgia,suicide,602,9155813
692,2006,Georgia,homicide,495,9155813
693,2006,Hawaii,suicide,21,1309731
694,2006,Idaho,suicide,145,1468669
695,2006,Idaho,homicide,24,1468669
696,2006,Illinois,suicide,374,12643955
697,2006,Illinois,homicide,625,12643955
698,2006,Indiana,suicide,443,6332669
699,2006,Indiana,homicide,264,6332669
700,2006,Iowa,suicide,149,2982644
701,2006,Iowa,homicide,38,2982644
702,2006,Kansas,suicide,211,2762931
703,2006,Kansas,homicide,73,2762931
704,2006,Kentucky,suicide,385,4219239
705,2006,Kentucky,homicide,112,4219239
706,2006,Louisiana,suicide,331,4302665
707,2006,Louisiana,homicide,444,4302665
708,2006,Maine,suicide,87,1323619
709,2006,Maine,homicide,15,1323619
710,2006,Maryland,suicide,238,5627367
711,2006,Maryland,homicide,417,5627367
712,2006,Massachusetts,suicide,101,6410084
713,2006,Massachusetts,homicide,105,6410084
714,2006,Michigan,suicide,598,10036081
715,2006,Michigan,homicide,539,10036081
716,2006,Minnesota,suicide,244,5163555
717,2006,Minnesota,homicide,79,5163555
718,2006,Mississippi,suicide,219,2904978
719,2006,Mississippi,homicide,222,2904978
720,2006,Missouri,suicide,444,5842704
721,2006,Missouri,homicide,295,5842704
722,2006,Montana,suicide,103,952692
723,2006,Montana,homicide,11,952692
724,2006,Nebraska,suicide,105,1772693
725,2006,Nebraska,homicide,31,1772693
726,2006,Nevada,suicide,255,2522658
727,2006,Nevada,homicide,134,2522658
728,2006,New Hampshire,suicide,69,1308389
729,2006,New Hampshire,homicide,13,1308389
730,2006,New Jersey,suicide,173,8661679
731,2006,New Jersey,homicide,302,8661679
732,2006,New Mexico,suicide,193,1962137
733,2006,New Mexico,homicide,73,1962137
734,2006,New York,suicide,412,19104631
735,2006,New York,homicide,571,19104631
736,2006,North Carolina,suicide,661,8917270
737,2006,North Carolina,homicide,439,8917270
738,2006,North Dakota,suicide,41,649422
739,2006,Ohio,suicide,628,11481213
740,2006,Ohio,homicide,451,11481213
741,2006,Oklahoma,suicide,314,3594090
742,2006,Oklahoma,homicide,152,3594090
743,2006,Oregon,suicide,307,3670883
744,2006,Oregon,homicide,63,3670883
745,2006,Pennsylvania,suicide,735,12510809
746,2006,Pennsylvania,homicide,595,12510809
747,2006,Rhode Island,suicide,27,1063096
748,2006,Rhode Island,homicide,19,1063096
749,2006,South Carolina,suicide,315,4357847
750,2006,South Carolina,homicide,274,4357847
751,2006,South Dakota,suicide,71,783033
752,2006,Tennessee,suicide,569,6088766
753,2006,Tennessee,homicide,330,6088766
754,2006,Texas,suicide,1311,23359580
755,2006,Texas,homicide,1034,23359580
756,2006,Utah,suicide,189,2525507
757,2006,Utah,homicide,29,2525507
758,2006,Vermont,suicide,43,622892
759,2006,Virginia,suicide,499,7673725
760,2006,Virginia,homicide,284,7673725
761,2006,Washington,suicide,397,6370753
762,2006,Washington,homicide,123,6370753
763,2006,West Virginia,suicide,179,1827912
764,2006,West Virginia,homicide,57,1827912
765,2006,Wisconsin,suicide,299,5577655
766,2006,Wisconsin,homicide,110,5577655
767,2006,Wyoming,suicide,73,522667
768,2007,Alabama,suicide,396,4672840
769,2007,Alabama,homicide,378,4672840
770,2007,Alaska,suicide,94,680300
771,2007,Alaska,homicide,25,680300
772,2007,Arizona,suicide,553,6167681
773,2007,Arizona,homicide,354,6167681
774,2007,Arkansas,suicide,245,2848650
775,2007,Arkansas,homicide,153,2848650
776,2007,California,suicide,1422,36250311
777,2007,California,homicide,1703,36250311
778,2007,Colorado,suicide,397,4803868
779,2007,Colorado,homicide,91,4803868
780,2007,Connecticut,suicide,78,3527270
781,2007,Connecticut,homicide,67,3527270
782,2007,Delaware,suicide,46,871749
783,2007,Delaware,homicide,30,871749
784,2007,District of Columbia,suicide,11,574404
785,2007,District of Columbia,homicide,129,574404
786,2007,Florida,suicide,1284,18367842
787,2007,Florida,homicide,938,18367842
788,2007,Georgia,suicide,641,9349988
789,2007,Georgia,homicide,557,9349988
790,2007,Hawaii,suicide,27,1315675
791,2007,Idaho,suicide,147,1505105
792,2007,Idaho,homicide,29,1505105
793,2007,Illinois,suicide,423,12695866
794,2007,Illinois,homicide,576,12695866
795,2007,Indiana,suicide,392,6379599
796,2007,Indiana,homicide,253,6379599
797,2007,Iowa,suicide,133,2999212
798,2007,Iowa,homicide,18,2999212
799,2007,Kansas,suicide,213,2783785
800,2007,Kansas,homicide,71,2783785
801,2007,Kentucky,suicide,424,4256672
802,2007,Kentucky,homicide,152,4256672
803,2007,Louisiana,suicide,335,4375581
804,2007,Louisiana,homicide,489,4375581
805,2007,Maine,suicide,90,1327040
806,2007,Maine,homicide,15,1327040
807,2007,Maryland,suicide,233,5653408
808,2007,Maryland,homicide,425,5653408
809,2007,Massachusetts,suicide,114,6431559
810,2007,Massachusetts,homicide,115,6431559
811,2007,Michigan,suicide,560,10001284
812,2007,Michigan,homicide,507,10001284
813,2007,Minnesota,suicide,265,5207203
814,2007,Minnesota,homicide,70,5207203
815,2007,Mississippi,suicide,279,2928350
816,2007,Mississippi,homicide,221,2928350
817,2007,Missouri,suicide,453,5887612
818,2007,Missouri,homicide,265,5887612
819,2007,Montana,suicide,120,964706
820,2007,Montana,homicide,15,964706
821,2007,Nebraska,suicide,89,1783440
822,2007,Nebraska,homicide,43,1783440
823,2007,Nevada,suicide,270,2601072
824,2007,Nevada,homicide,132,2601072
825,2007,New Hampshire,suicide,71,1312540
826,2007,New Jersey,suicide,165,8677885
827,2007,New Jersey,homicide,276,8677885
828,2007,New Mexico,suicide,189,1990070
829,2007,New Mexico,homicide,78,1990070
830,2007,New York,suicide,442,19132335
831,2007,New York,homicide,522,19132335
832,2007,North Carolina,suicide,607,9118037
833,2007,North Carolina,homicide,458,9118037
834,2007,North Dakota,suicide,49,652822
835,2007,Ohio,suicide,660,11500468
836,2007,Ohio,homicide,415,11500468
837,2007,Oklahoma,suicide,316,3634349
838,2007,Oklahoma,homicide,151,3634349
839,2007,Oregon,suicide,327,3722417
840,2007,Oregon,homicide,44,3722417
841,2007,Pennsylvania,suicide,719,12563937
842,2007,Pennsylvania,homicide,554,12563937
843,2007,Rhode Island,suicide,24,1057315
844,2007,Rhode Island,homicide,13,1057315
845,2007,South Carolina,suicide,311,4444110
846,2007,South Carolina,homicide,256,4444110
847,2007,South Dakota,suicide,44,791623
848,2007,Tennessee,suicide,545,6175727
849,2007,Tennessee,homicide,343,6175727
850,2007,Texas,suicide,1416,23831983
851,2007,Texas,homicide,1031,23831983
852,2007,Utah,suicide,197,2597746
853,2007,Utah,homicide,40,2597746
854,2007,Vermont,suicide,43,623481
855,2007,Virginia,suicide,487,7751000
856,2007,Virginia,homicide,308,7751000
857,2007,Washington,suicide,413,6461587
858,2007,Washington,homicide,124,6461587
859,2007,West Virginia,suicide,205,1834052
860,2007,West Virginia,homicide,46,1834052
861,2007,Wisconsin,suicide,338,5610775
862,2007,Wisconsin,homicide,132,5610775
863,2007,Wyoming,suicide,67,534876
864,2008,Alabama,suicide,424,4718206
865,2008,Alabama,homicide,350,4718206
866,2008,Alaska,suicide,116,687455
867,2008,Alaska,homicide,15,687455
868,2008,Arizona,suicide,540,6280362
869,2008,Arizona,homicide,335,6280362
870,2008,Arkansas,suicide,275,2874554
871,2008,Arkansas,homicide,145,2874554
872,2008,California,suicide,1478,36604337
873,2008,California,homicide,1572,36604337
874,2008,Colorado,suicide,388,4889730
875,2008,Colorado,homicide,109,4889730
876,2008,Connecticut,suicide,109,3545579
877,2008,Connecticut,homicide,87,3545579
878,2008,Delaware,suicide,41,883874
879,2008,Delaware,homicide,54,883874
880,2008,District of Columbia,suicide,12,580236
881,2008,District of Columbia,homicide,122,580236
882,2008,Florida,suicide,1398,18527305
883,2008,Florida,homicide,886,18527305
884,2008,Georgia,suicide,616,9504843
885,2008,Georgia,homicide,516,9504843
886,2008,Hawaii,suicide,28,1332213
887,2008,Hawaii,homicide,11,1332213
888,2008,Idaho,suicide,149,1534320
889,2008,Idaho,homicide,13,1534320
890,2008,Illinois,suicide,440,12747038
891,2008,Illinois,homicide,635,12747038
892,2008,Indiana,suicide,451,6424806
893,2008,Indiana,homicide,236,6424806
894,2008,Iowa,suicide,180,3016734
895,2008,Iowa,homicide,34,3016734
896,2008,Kansas,suicide,185,2808076
897,2008,Kansas,homicide,77,2808076
898,2008,Kentucky,suicide,394,4289878
899,2008,Kentucky,homicide,160,4289878
900,2008,Louisiana,suicide,351,4435586
901,2008,Louisiana,homicide,432,4435586
902,2008,Maine,suicide,103,1330509
903,2008,Maine,homicide,12,1330509
904,2008,Maryland,suicide,263,5684965
905,2008,Maryland,homicide,379,5684965
906,2008,Massachusetts,suicide,118,6468967
907,2008,Massachusetts,homicide,98,6468967
908,2008,Michigan,suicide,570,9946889
909,2008,Michigan,homicide,489,9946889
910,2008,Minnesota,suicide,290,5247018
911,2008,Minnesota,homicide,71,5247018
912,2008,Mississippi,suicide,287,2947806
913,2008,Mississippi,homicide,246,2947806
914,2008,Missouri,suicide,422,5923916
915,2008,Missouri,homicide,362,5923916
916,2008,Montana,suicide,132,976415
917,2008,Montana,homicide,16,976415
918,2008,Nebraska,suicide,98,1796378
919,2008,Nebraska,homicide,49,1796378
920,2008,Nevada,suicide,291,2653630
921,2008,Nevada,homicide,100,2653630
922,2008,New Hampshire,suicide,85,1315906
923,2008,New Jersey,suicide,175,8711090
924,2008,New Jersey,homicide,245,8711090
925,2008,New Mexico,suicide,195,2010662
926,2008,New Mexico,homicide,86,2010662
927,2008,New York,suicide,430,19212436
928,2008,New York,homicide,509,19212436
929,2008,North Carolina,suicide,669,9309449
930,2008,North Carolina,homicide,468,9309449
931,2008,North Dakota,suicide,55,657569
932,2008,Ohio,suicide,685,11515391
933,2008,Ohio,homicide,402,11515391
934,2008,Oklahoma,suicide,346,3668976
935,2008,Oklahoma,homicide,147,3668976
936,2008,Oregon,suicide,319,3768748
937,2008,Oregon,homicide,49,3768748
938,2008,Pennsylvania,suicide,771,12612285
939,2008,Pennsylvania,homicide,524,12612285
940,2008,Rhode Island,suicide,23,1055003
941,2008,Rhode Island,homicide,19,1055003
942,2008,South Carolina,suicide,343,4528996
943,2008,South Carolina,homicide,250,4528996
944,2008,South Dakota,suicide,68,799124
945,2008,South Dakota,homicide,10,799124
946,2008,Tennessee,suicide,610,6247411
947,2008,Tennessee,homicide,336,6247411
948,2008,Texas,suicide,1507,24309039
949,2008,Texas,homicide,1007,24309039
950,2008,Utah,suicide,196,2663029
951,2008,Utah,homicide,24,2663029
952,2008,Vermont,suicide,44,624151
953,2008,Virginia,suicide,524,7833496
954,2008,Virginia,homicide,251,7833496
955,2008,Washington,suicide,439,6562231
956,2008,Washington,homicide,127,6562231
957,2008,West Virginia,suicide,172,1840310
958,2008,West Virginia,homicide,37,1840310
959,2008,Wisconsin,suicide,348,5640996
960,2008,Wisconsin,homicide,81,5640996
961,2008,Wyoming,suicide,87,546043
962,2009,Alabama,suicide,479,4757938
963,2009,Alabama,homicide,318,4757938
964,2009,Alaska,suicide,79,698895
965,2009,Alaska,homicide,17,698895
966,2009,Arizona,suicide,605,6343154
967,2009,Arizona,homicide,229,6343154
968,2009,Arkansas,suicide,286,2896843
969,2009,Arkansas,homicide,158,2896843
970,2009,California,suicide,1520,36961229
971,2009,California,homicide,1464,36961229
972,2009,Colorado,suicide,454,4972195
973,2009,Colorado,homicide,108,4972195
974,2009,Connecticut,suicide,93,3561807
975,2009,Connecticut,homicide,78,3561807
976,2009,Delaware,suicide,38,891730
977,2009,Delaware,homicide,36,891730
978,2009,District of Columbia,homicide,104,592228
979,2009,Florida,suicide,1473,18652644
980,2009,Florida,homicide,807,18652644
981,2009,Georgia,suicide,743,9620846
982,2009,Georgia,homicide,461,9620846
983,2009,Hawaii,suicide,36,1346717
984,2009,Hawaii,homicide,10,1346717
985,2009,Idaho,suicide,176,1554439
986,2009,Idaho,homicide,10,1554439
987,2009,Illinois,suicide,402,12796778
988,2009,Illinois,homicide,628,12796778
989,2009,Indiana,suicide,458,6459325
990,2009,Indiana,homicide,245,6459325
991,2009,Iowa,suicide,160,3032870
992,2009,Iowa,homicide,19,3032870
993,2009,Kansas,suicide,200,2832704
994,2009,Kansas,homicide,92,2832704
995,2009,Kentucky,suicide,405,4317074
996,2009,Kentucky,homicide,133,4317074
997,2009,Louisiana,suicide,328,4491648
998,2009,Louisiana,homicide,450,4491648
999,2009,Maine,suicide,106,1329590
1000,2009,Maine,homicide,15,1329590
1001,2009,Maryland,suicide,252,5730388
1002,2009,Maryland,homicide,316,5730388
1003,2009,Massachusetts,suicide,89,6517613
1004,2009,Massachusetts,homicide,110,6517613
1005,2009,Michigan,suicide,575,9901591
1006,2009,Michigan,homicide,496,9901591
1007,2009,Minnesota,suicide,282,5281203
1008,2009,Minnesota,homicide,47,5281203
1009,2009,Mississippi,suicide,269,2958774
1010,2009,Mississippi,homicide,197,2958774
1011,2009,Missouri,suicide,472,5961088
1012,2009,Missouri,homicide,319,5961088
1013,2009,Montana,suicide,136,983982
1014,2009,Montana,homicide,21,983982
1015,2009,Nebraska,suicide,93,1812683
1016,2009,Nebraska,homicide,31,1812683
1017,2009,Nevada,suicide,295,2684665
1018,2009,Nevada,homicide,97,2684665
1019,2009,New Hampshire,suicide,82,1316102
1020,2009,New Jersey,suicide,173,8755602
1021,2009,New Jersey,homicide,229,8755602
1022,2009,New Mexico,suicide,192,2036802
1023,2009,New Mexico,homicide,93,2036802
1024,2009,New York,suicide,422,19307066
1025,2009,New York,homicide,506,19307066
1026,2009,North Carolina,suicide,679,9449566
1027,2009,North Carolina,homicide,408,9449566
1028,2009,North Dakota,suicide,50,664968
1029,2009,Ohio,suicide,590,11528896
1030,2009,Ohio,homicide,367,11528896
1031,2009,Oklahoma,suicide,363,3717572
1032,2009,Oklahoma,homicide,149,3717572
1033,2009,Oregon,suicide,345,3808600
1034,2009,Oregon,homicide,56,3808600
1035,2009,Pennsylvania,suicide,825,12666858
1036,2009,Pennsylvania,homicide,483,12666858
1037,2009,Rhode Island,suicide,40,1053646
1038,2009,Rhode Island,homicide,14,1053646
1039,2009,South Carolina,suicide,377,4589872
1040,2009,South Carolina,homicide,235,4589872
1041,2009,South Dakota,suicide,61,807067
1042,2009,South Dakota,homicide,10,807067
1043,2009,Tennessee,suicide,575,6306019
1044,2009,Tennessee,homicide,347,6306019
1045,2009,Texas,suicide,1588,24801761
1046,2009,Texas,homicide,1003,24801761
1047,2009,Utah,suicide,217,2723421
1048,2009,Utah,homicide,30,2723421
1049,2009,Vermont,suicide,59,624817
1050,2009,Virginia,suicide,527,7925937
1051,2009,Virginia,homicide,272,7925937
1052,2009,Washington,suicide,471,6667426
1053,2009,Washington,homicide,118,6667426
1054,2009,West Virginia,suicide,178,1847775
1055,2009,West Virginia,homicide,57,1847775
1056,2009,Wisconsin,suicide,345,5669264
1057,2009,Wisconsin,homicide,103,5669264
1058,2009,Wyoming,suicide,82,559851
1059,2009,Wyoming,homicide,10,559851
1060,2010,Alabama,suicide,454,4779736
1061,2010,Alabama,homicide,283,4779736
1062,2010,Alaska,suicide,107,710231
1063,2010,Alaska,homicide,30,710231
1064,2010,Arizona,suicide,621,6392017
1065,2010,Arizona,homicide,272,6392017
1066,2010,Arkansas,suicide,266,2915918
1067,2010,Arkansas,homicide,133,2915918
1068,2010,California,suicide,1497,37253956
1069,2010,California,homicide,1343,37253956
1070,2010,Colorado,suicide,427,5029196
1071,2010,Colorado,homicide,97,5029196
1072,2010,Connecticut,suicide,111,3574097
1073,2010,Connecticut,homicide,98,3574097
1074,2010,Delaware,suicide,43,897934
1075,2010,Delaware,homicide,45,897934
1076,2010,District of Columbia,suicide,13,601723
1077,2010,District of Columbia,homicide,84,601723
1078,2010,Florida,suicide,1454,18801310
1079,2010,Florida,homicide,768,18801310
1080,2010,Georgia,suicide,718,9687653
1081,2010,Georgia,homicide,444,9687653
1082,2010,Hawaii,suicide,37,1360301
1083,2010,Idaho,suicide,182,1567582
1084,2010,Idaho,homicide,12,1567582
1085,2010,Illinois,suicide,442,12830632
1086,2010,Illinois,homicide,578,12830632
1087,2010,Indiana,suicide,455,6483802
1088,2010,Indiana,homicide,224,6483802
1089,2010,Iowa,suicide,178,3046355
1090,2010,Iowa,homicide,34,3046355
1091,2010,Kansas,suicide,210,2853118
1092,2010,Kansas,homicide,68,2853118
1093,2010,Kentucky,suicide,404,4339367
1094,2010,Kentucky,homicide,125,4339367
1095,2010,Louisiana,suicide,385,4533372
1096,2010,Louisiana,homicide,432,4533372
1097,2010,Maine,suicide,95,1328361
1098,2010,Maine,homicide,13,1328361
1099,2010,Maryland,suicide,222,5773552
1100,2010,Maryland,homicide,306,5773552
1101,2010,Massachusetts,suicide,138,6547629
1102,2010,Massachusetts,homicide,127,6547629
1103,2010,Michigan,suicide,601,9883640
1104,2010,Michigan,homicide,441,9883640
1105,2010,Minnesota,suicide,281,5303925
1106,2010,Minnesota,homicide,65,5303925
1107,2010,Mississippi,suicide,257,2967297
1108,2010,Mississippi,homicide,206,2967297
1109,2010,Missouri,suicide,491,5988927
1110,2010,Missouri,homicide,335,5988927
1111,2010,Montana,suicide,143,989415
1112,2010,Montana,homicide,17,989415
1113,2010,Nebraska,suicide,108,1826341
1114,2010,Nebraska,homicide,41,1826341
1115,2010,Nevada,suicide,289,2700551
1116,2010,Nevada,homicide,90,2700551
1117,2010,New Hampshire,suicide,102,1316470
1118,2010,New Jersey,suicide,188,8791894
1119,2010,New Jersey,homicide,260,8791894
1120,2010,New Mexico,suicide,204,2059179
1121,2010,New Mexico,homicide,76,2059179
1122,2010,New York,suicide,459,19378102
1123,2010,New York,homicide,527,19378102
1124,2010,North Carolina,suicide,707,9535483
1125,2010,North Carolina,homicide,376,9535483
1126,2010,North Dakota,suicide,56,672591
1127,2010,Ohio,suicide,724,11536504
1128,2010,Ohio,homicide,396,11536504
1129,2010,Oklahoma,suicide,377,3751351
1130,2010,Oklahoma,homicide,132,3751351
1131,2010,Oregon,suicide,377,3831074
1132,2010,Oregon,homicide,60,3831074
1133,2010,Pennsylvania,suicide,762,12702379
1134,2010,Pennsylvania,homicide,501,12702379
1135,2010,Rhode Island,suicide,30,1052567
1136,2010,Rhode Island,homicide,17,1052567
1137,2010,South Carolina,suicide,393,4625364
1138,2010,South Carolina,homicide,229,4625364
1139,2010,South Dakota,suicide,65,814180
1140,2010,Tennessee,suicide,585,6346105
1141,2010,Tennessee,homicide,293,6346105
1142,2010,Texas,suicide,1703,25145561
1143,2010,Texas,homicide,913,25145561
1144,2010,Utah,suicide,275,2763885
1145,2010,Utah,homicide,27,2763885
1146,2010,Vermont,suicide,66,625741
1147,2010,Virginia,suicide,576,8001024
1148,2010,Virginia,homicide,271,8001024
1149,2010,Washington,suicide,464,6724540
1150,2010,Washington,homicide,114,6724540
1151,2010,West Virginia,suicide,210,1852994
1152,2010,West Virginia,homicide,47,1852994
1153,2010,Wisconsin,suicide,378,5686986
1154,2010,Wisconsin,homicide,106,5686986
1155,2010,Wyoming,suicide,83,563626
1156,2011,Alabama,suicide,452,4802740
1157,2011,Alabama,homicide,293,4802740
1158,2011,Alaska,suicide,99,722718
1159,2011,Alaska,homicide,19,722718
1160,2011,Arizona,suicide,674,6482505
1161,2011,Arizona,homicide,260,6482505
1162,2011,Arkansas,suicide,299,2937979
1163,2011,Arkansas,homicide,145,2937979
1164,2011,California,suicide,1566,37691912
1165,2011,California,homicide,1315,37691912
1166,2011,Colorado,suicide,443,5116796
1167,2011,Colorado,homicide,101,5116796
1168,2011,Connecticut,suicide,111,3580709
1169,2011,Connecticut,homicide,96,3580709
1170,2011,Delaware,suicide,46,907135
1171,2011,Delaware,homicide,31,907135
1172,2011,District of Columbia,homicide,77,617996
1173,2011,Florida,suicide,1490,19057542
1174,2011,Florida,homicide,819,19057542
1175,2011,Georgia,suicide,742,9815210
1176,2011,Georgia,homicide,440,9815210
1177,2011,Hawaii,suicide,42,1374810
1178,2011,Idaho,suicide,167,1584985
1179,2011,Idaho,homicide,16,1584985
1180,2011,Illinois,suicide,461,12869257
1181,2011,Illinois,homicide,610,12869257
1182,2011,Indiana,suicide,413,6516922
1183,2011,Indiana,homicide,202,6516922
1184,2011,Iowa,suicide,185,3062309
1185,2011,Iowa,homicide,31,3062309
1186,2011,Kansas,suicide,233,2871238
1187,2011,Kansas,homicide,81,2871238
1188,2011,Kentucky,suicide,454,4369356
1189,2011,Kentucky,homicide,133,4369356
1190,2011,Louisiana,suicide,380,4574836
1191,2011,Louisiana,homicide,432,4574836
1192,2011,Maine,suicide,114,1328188
1193,2011,Maine,homicide,15,1328188
1194,2011,Maryland,suicide,242,5828289
1195,2011,Maryland,homicide,276,5828289
1196,2011,Massachusetts,suicide,116,6587536
1197,2011,Massachusetts,homicide,128,6587536
1198,2011,Michigan,suicide,620,9876187
1199,2011,Michigan,homicide,511,9876187
1200,2011,Minnesota,suicide,324,5344861
1201,2011,Minnesota,homicide,59,5344861
1202,2011,Mississippi,suicide,268,2978512
1203,2011,Mississippi,homicide,221,2978512
1204,2011,Missouri,suicide,513,6010688
1205,2011,Missouri,homicide,304,6010688
1206,2011,Montana,suicide,152,998199
1207,2011,Montana,homicide,11,998199
1208,2011,Nebraska,suicide,111,1842641
1209,2011,Nebraska,homicide,41,1842641
1210,2011,Nevada,suicide,272,2723322
1211,2011,Nevada,homicide,84,2723322
1212,2011,New Hampshire,suicide,75,1318194
1213,2011,New Hampshire,homicide,10,1318194
1214,2011,New Jersey,suicide,181,8821155
1215,2011,New Jersey,homicide,289,8821155
1216,2011,New Mexico,suicide,221,2082224
1217,2011,New Mexico,homicide,73,2082224
1218,2011,New York,suicide,507,19465197
1219,2011,New York,homicide,466,19465197
1220,2011,North Carolina,suicide,728,9656401
1221,2011,North Carolina,homicide,380,9656401
1222,2011,North Dakota,suicide,52,683932
1223,2011,Ohio,suicide,726,11544951
1224,2011,Ohio,homicide,456,11544951
1225,2011,Oklahoma,suicide,440,3791508
1226,2011,Oklahoma,homicide,166,3791508
1227,2011,Oregon,suicide,343,3871859
1228,2011,Oregon,homicide,63,3871859
1229,2011,Pennsylvania,suicide,884,12742886
1230,2011,Pennsylvania,homicide,513,12742886
1231,2011,Rhode Island,suicide,20,1051302
1232,2011,Rhode Island,homicide,12,1051302
1233,2011,South Carolina,suicide,426,4679230
1234,2011,South Carolina,homicide,253,4679230
1235,2011,South Dakota,suicide,60,824082
1236,2011,Tennessee,suicide,591,6403353
1237,2011,Tennessee,homicide,309,6403353
1238,2011,Texas,suicide,1691,25674681
1239,2011,Texas,homicide,813,25674681
1240,2011,Utah,suicide,268,2817222
1241,2011,Utah,homicide,28,2817222
1242,2011,Vermont,suicide,70,626431
1243,2011,Virginia,suicide,604,8096604
1244,2011,Virginia,homicide,231,8096604
1245,2011,Washington,suicide,496,6830038
1246,2011,Washington,homicide,88,6830038
1247,2011,West Virginia,suicide,200,1855364
1248,2011,West Virginia,homicide,61,1855364
1249,2011,Wisconsin,suicide,351,5711767
1250,2011,Wisconsin,homicide,86,5711767
1251,2011,Wyoming,suicide,84,568158
1252,2011,Wyoming,homicide,12,568158
1253,2012,Alabama,suicide,500,4822023
1254,2012,Alabama,homicide,308,4822023
1255,2012,Alaska,suicide,98,731449
1256,2012,Alaska,homicide,17,731449
1257,2012,Arizona,suicide,663,6553255
1258,2012,Arizona,homicide,255,6553255
1259,2012,Arkansas,suicide,307,2949131
1260,2012,Arkansas,homicide,166,2949131
1261,2012,California,suicide,1550,38041430
1262,2012,California,homicide,1365,38041430
1263,2012,Colorado,suicide,533,5187582
1264,2012,Colorado,homicide,116,5187582
1265,2012,Connecticut,suicide,111,3590347
1266,2012,Connecticut,homicide,114,3590347
1267,2012,Delaware,suicide,46,917092
1268,2012,Delaware,homicide,46,917092
1269,2012,District of Columbia,suicide,10,632323
1270,2012,District of Columbia,homicide,55,632323
1271,2012,Florida,suicide,1550,19317568
1272,2012,Florida,homicide,863,19317568
1273,2012,Georgia,suicide,751,9919945
1274,2012,Georgia,homicide,481,9919945
1275,2012,Hawaii,suicide,43,1392313
1276,2012,Idaho,suicide,176,1595728
1277,2012,Idaho,homicide,18,1595728
1278,2012,Illinois,suicide,491,12875255
1279,2012,Illinois,homicide,647,12875255
1280,2012,Indiana,suicide,516,6537334
1281,2012,Indiana,homicide,251,6537334
1282,2012,Iowa,suicide,175,3074186
1283,2012,Iowa,homicide,33,3074186
1284,2012,Kansas,suicide,297,2885905
1285,2012,Kansas,homicide,68,2885905
1286,2012,Kentucky,suicide,469,4380415
1287,2012,Kentucky,homicide,159,4380415
1288,2012,Louisiana,suicide,376,4601893
1289,2012,Louisiana,homicide,428,4601893
1290,2012,Maine,suicide,113,1329192
1291,2012,Maine,homicide,15,1329192
1292,2012,Maryland,suicide,272,5884563
1293,2012,Maryland,homicide,294,5884563
1294,2012,Massachusetts,suicide,151,6646144
1295,2012,Massachusetts,homicide,74,6646144
1296,2012,Michigan,suicide,623,9883360
1297,2012,Michigan,homicide,579,9883360
1298,2012,Minnesota,suicide,311,5379139
1299,2012,Minnesota,homicide,61,5379139
1300,2012,Mississippi,suicide,296,2984926
1301,2012,Mississippi,homicide,216,2984926
1302,2012,Missouri,suicide,549,6021988
1303,2012,Missouri,homicide,313,6021988
1304,2012,Montana,suicide,153,1005141
1305,2012,Montana,homicide,10,1005141
1306,2012,Nebraska,suicide,115,1855525
1307,2012,Nebraska,homicide,46,1855525
1308,2012,Nevada,suicide,276,2758931
1309,2012,Nevada,homicide,77,2758931
1310,2012,New Hampshire,suicide,98,1320718
1311,2012,New Hampshire,homicide,13,1320718
1312,2012,New Jersey,suicide,160,8864590
1313,2012,New Jersey,homicide,277,8864590
1314,2012,New Mexico,suicide,230,2085538
1315,2012,New Mexico,homicide,80,2085538
1316,2012,New York,suicide,518,19570261
1317,2012,New York,homicide,437,19570261
1318,2012,North Carolina,suicide,710,9752073
1319,2012,North Carolina,homicide,422,9752073
1320,2012,North Dakota,suicide,63,699628
1321,2012,Ohio,suicide,784,11544225
1322,2012,Ohio,homicide,438,11544225
1323,2012,Oklahoma,suicide,411,3814820
1324,2012,Oklahoma,homicide,188,3814820
1325,2012,Oregon,suicide,367,3899353
1326,2012,Oregon,homicide,53,3899353
1327,2012,Pennsylvania,suicide,821,12763536
1328,2012,Pennsylvania,homicide,547,12763536
1329,2012,Rhode Island,suicide,27,1050292
1330,2012,Rhode Island,homicide,15,1050292
1331,2012,South Carolina,suicide,434,4723723
1332,2012,South Carolina,homicide,273,4723723
1333,2012,South Dakota,suicide,76,833354
1334,2012,Tennessee,suicide,628,6456243
1335,2012,Tennessee,homicide,329,6456243
1336,2012,Texas,suicide,1748,26059203
1337,2012,Texas,homicide,895,26059203
1338,2012,Utah,suicide,284,2855287
1339,2012,Utah,homicide,28,2855287
1340,2012,Vermont,suicide,50,626011
1341,2012,Virginia,suicide,588,8185867
1342,2012,Virginia,homicide,224,8185867
1343,2012,Washington,suicide,529,6897012
1344,2012,Washington,homicide,127,6897012
1345,2012,West Virginia,suicide,198,1855413
1346,2012,West Virginia,homicide,66,1855413
1347,2012,Wisconsin,suicide,348,5726398
1348,2012,Wisconsin,homicide,126,5726398
1349,2012,Wyoming,suicide,102,576412
1350,2013,Alabama,suicide,504,4833722
1351,2013,Alabama,homicide,318,4833722
1352,2013,Alaska,suicide,120,735132
1353,2013,Alaska,homicide,19,735132
1354,2013,Arizona,suicide,655,6626624
1355,2013,Arizona,homicide,251,6626624
1356,2013,Arkansas,suicide,323,2959373
1357,2013,Arkansas,homicide,152,2959373
1358,2013,California,suicide,1572,38332521
1359,2013,California,homicide,1316,38332521
1360,2013,Colorado,suicide,489,5268367
1361,2013,Colorado,homicide,106,5268367
1362,2013,Connecticut,suicide,92,3596080
1363,2013,Connecticut,homicide,66,3596080
1364,2013,Delaware,suicide,61,925749
1365,2013,Delaware,homicide,38,925749
1366,2013,District of Columbia,homicide,61,646449
1367,2013,Florida,suicide,1571,19552860
1368,2013,Florida,homicide,819,19552860
1369,2013,Georgia,suicide,747,9992167
1370,2013,Georgia,homicide,473,9992167
1371,2013,Hawaii,suicide,28,1404054
1372,2013,Idaho,suicide,200,1612136
1373,2013,Idaho,homicide,15,1612136
1374,2013,Illinois,suicide,497,12882135
1375,2013,Illinois,homicide,577,12882135
1376,2013,Indiana,suicide,523,6570902
1377,2013,Indiana,homicide,299,6570902
1378,2013,Iowa,suicide,221,3090416
1379,2013,Iowa,homicide,24,3090416
1380,2013,Kansas,suicide,241,2893957
1381,2013,Kansas,homicide,79,2893957
1382,2013,Kentucky,suicide,454,4395295
1383,2013,Kentucky,homicide,139,4395295
1384,2013,Louisiana,suicide,408,4625470
1385,2013,Louisiana,homicide,447,4625470
1386,2013,Maine,suicide,137,1328302
1387,2013,Maine,homicide,13,1328302
1388,2013,Maryland,suicide,258,5928814
1389,2013,Maryland,homicide,301,5928814
1390,2013,Massachusetts,suicide,112,6692824
1391,2013,Massachusetts,homicide,84,6692824
1392,2013,Michigan,suicide,674,9895622
1393,2013,Michigan,homicide,494,9895622
1394,2013,Minnesota,suicide,340,5420380
1395,2013,Minnesota,homicide,76,5420380
1396,2013,Mississippi,suicide,279,2991207
1397,2013,Mississippi,homicide,215,2991207
1398,2013,Missouri,suicide,557,6044171
1399,2013,Missouri,homicide,293,6044171
1400,2013,Montana,suicide,147,1015165
1401,2013,Montana,homicide,14,1015165
1402,2013,Nebraska,suicide,112,1868516
1403,2013,Nebraska,homicide,51,1868516
1404,2013,Nevada,suicide,292,2790136
1405,2013,Nevada,homicide,88,2790136
1406,2013,New Hampshire,suicide,82,1323459
1407,2013,New Jersey,suicide,194,8899339
1408,2013,New Jersey,homicide,298,8899339
1409,2013,New Mexico,suicide,222,2085287
1410,2013,New Mexico,homicide,82,2085287
1411,2013,New York,suicide,466,19651127
1412,2013,New York,homicide,381,19651127
1413,2013,North Carolina,suicide,771,9848060
1414,2013,North Carolina,homicide,412,9848060
1415,2013,North Dakota,suicide,76,723393
1416,2013,Ohio,suicide,800,11570808
1417,2013,Ohio,homicide,448,11570808
1418,2013,Oklahoma,suicide,433,3850568
1419,2013,Oklahoma,homicide,178,3850568
1420,2013,Oregon,suicide,389,3930065
1421,2013,Oregon,homicide,55,3930065
1422,2013,Pennsylvania,suicide,919,12773801
1423,2013,Pennsylvania,homicide,486,12773801
1424,2013,Rhode Island,suicide,34,1051511
1425,2013,Rhode Island,homicide,18,1051511
1426,2013,South Carolina,suicide,471,4774839
1427,2013,South Carolina,homicide,244,4774839
1428,2013,South Dakota,suicide,71,844877
1429,2013,Tennessee,suicide,679,6495978
1430,2013,Tennessee,homicide,311,6495978
1431,2013,Texas,suicide,1786,26448193
1432,2013,Texas,homicide,913,26448193
1433,2013,Utah,suicide,295,2900872
1434,2013,Utah,homicide,33,2900872
1435,2013,Vermont,suicide,59,626630
1436,2013,Virginia,suicide,601,8260405
1437,2013,Virginia,homicide,233,8260405
1438,2013,Washington,suicide,483,6971406
1439,2013,Washington,homicide,117,6971406
1440,2013,West Virginia,suicide,225,1854304
1441,2013,West Virginia,homicide,43,1854304
1442,2013,Wisconsin,suicide,437,5742713
1443,2013,Wisconsin,homicide,115,5742713
1444,2013,Wyoming,suicide,89,582658
1445,2014,Alabama,suicide,479,4849377
1446,2014,Alabama,homicide,293,4849377
1447,2014,Alaska,suicide,115,736732
1448,2014,Alaska,homicide,21,736732
1449,2014,Arizona,suicide,684,6731484
1450,2014,Arizona,homicide,212,6731484
1451,2014,Arkansas,suicide,323,2966369
1452,2014,Arkansas,homicide,161,2966369
1453,2014,California,suicide,1586,38802500
1454,2014,California,homicide,1235,38802500
1455,2014,Colorado,suicide,539,5355866
1456,2014,Colorado,homicide,102,5355866
1457,2014,Connecticut,suicide,125,3596677
1458,2014,Connecticut,homicide,58,3596677
1459,2014,Delaware,suicide,59,935614
1460,2014,Delaware,homicide,38,935614
1461,2014,District of Columbia,suicide,14,658893
1462,2014,District of Columbia,homicide,67,658893
1463,2014,Florida,suicide,1539,19893297
1464,2014,Florida,homicide,822,19893297
1465,2014,Georgia,suicide,842,10097343
1466,2014,Georgia,homicide,508,10097343
1467,2014,Hawaii,suicide,33,1419561
1468,2014,Idaho,suicide,182,1634464
1469,2014,Idaho,homicide,21,1634464
1470,2014,Illinois,suicide,534,12880580
1471,2014,Illinois,homicide,614,12880580
1472,2014,Indiana,suicide,528,6596855
1473,2014,Indiana,homicide,260,6596855
1474,2014,Iowa,suicide,194,3107126
1475,2014,Iowa,homicide,36,3107126
1476,2014,Kansas,suicide,238,2904021
1477,2014,Kansas,homicide,73,2904021
1478,2014,Kentucky,suicide,471,4413457
1479,2014,Kentucky,homicide,138,4413457
1480,2014,Louisiana,suicide,444,4649676
1481,2014,Louisiana,homicide,421,4649676
1482,2014,Maine,suicide,118,1330089
1483,2014,Maine,homicide,10,1330089
1484,2014,Maryland,suicide,278,5976407
1485,2014,Maryland,homicide,249,5976407
1486,2014,Massachusetts,suicide,130,6745408
1487,2014,Massachusetts,homicide,91,6745408
1488,2014,Michigan,suicide,672,9909877
1489,2014,Michigan,homicide,411,9909877
1490,2014,Minnesota,suicide,309,5457173
1491,2014,Minnesota,homicide,59,5457173
1492,2014,Mississippi,suicide,251,2994079
1493,2014,Mississippi,homicide,259,2994079
1494,2014,Missouri,suicide,588,6063589
1495,2014,Missouri,homicide,328,6063589
1496,2014,Montana,suicide,149,1023579
1497,2014,Montana,homicide,14,1023579
1498,2014,Nebraska,suicide,133,1881503
1499,2014,Nebraska,homicide,39,1881503
1500,2014,Nevada,suicide,309,2839099
1501,2014,Nevada,homicide,106,2839099
1502,2014,New Hampshire,suicide,110,1326813
1503,2014,New Jersey,suicide,194,8938175
1504,2014,New Jersey,homicide,265,8938175
1505,2014,New Mexico,suicide,244,2085572
1506,2014,New Mexico,homicide,76,2085572
1507,2014,New York,suicide,474,19746227
1508,2014,New York,homicide,372,19746227
1509,2014,North Carolina,suicide,760,9943964
1510,2014,North Carolina,homicide,391,9943964
1511,2014,North Dakota,suicide,85,739482
1512,2014,Ohio,suicide,745,11594163
1513,2014,Ohio,homicide,422,11594163
1514,2014,Oklahoma,suicide,435,3878051
1515,2014,Oklahoma,homicide,157,3878051
1516,2014,Oregon,suicide,422,3970239
1517,2014,Oregon,homicide,53,3970239
1518,2014,Pennsylvania,suicide,898,12787209
1519,2014,Pennsylvania,homicide,467,12787209
1520,2014,Rhode Island,suicide,20,1055173
1521,2014,Rhode Island,homicide,13,1055173
1522,2014,South Carolina,suicide,479,4832482
1523,2014,South Carolina,homicide,267,4832482
1524,2014,South Dakota,suicide,76,853175
1525,2014,Tennessee,suicide,644,6549352
1526,2014,Tennessee,homicide,315,6549352
1527,2014,Texas,suicide,1793,26956958
1528,2014,Texas,homicide,965,26956958
1529,2014,Utah,suicide,278,2942902
1530,2014,Utah,homicide,36,2942902
1531,2014,Vermont,suicide,59,626562
1532,2014,Virginia,suicide,626,8326289
1533,2014,Virginia,homicide,235,8326289
1534,2014,Washington,suicide,551,7061530
1535,2014,Washington,homicide,120,7061530
1536,2014,West Virginia,suicide,217,1850326
1537,2014,West Virginia,homicide,58,1850326
1538,2014,Wisconsin,suicide,353,5757564
1539,2014,Wisconsin,homicide,121,5757564
1540,2014,Wyoming,suicide,78,584153
1541,2015,Alabama,suicide,528,4858979
1542,2015,Alabama,homicide,392,4858979
1543,2015,Alaska,suicide,123,738432
1544,2015,Alaska,homicide,42,738432
1545,2015,Arizona,suicide,707,6828065
1546,2015,Arizona,homicide,236,6828065
1547,2015,Arkansas,suicide,343,2978204
1548,2015,Arkansas,homicide,156,2978204
1549,2015,California,suicide,1561,39144818
1550,2015,California,homicide,1397,39144818
1551,2015,Colorado,suicide,541,5456574
1552,2015,Colorado,homicide,137,5456574
1553,2015,Connecticut,suicide,104,3590886
1554,2015,Connecticut,homicide,80,3590886
1555,2015,Delaware,suicide,55,945934
1556,2015,Delaware,homicide,53,945934
1557,2015,District of Columbia,suicide,11,672228
1558,2015,District of Columbia,homicide,105,672228
1559,2015,Florida,suicide,1632,20271272
1560,2015,Florida,homicide,883,20271272
1561,2015,Georgia,suicide,824,10214860
1562,2015,Georgia,homicide,588,10214860
1563,2015,Hawaii,suicide,44,1431603
1564,2015,Idaho,suicide,215,1654930
1565,2015,Idaho,homicide,24,1654930
1566,2015,Illinois,suicide,495,12859995
1567,2015,Illinois,homicide,693,12859995
1568,2015,Indiana,suicide,518,6619680
1569,2015,Indiana,homicide,295,6619680
1570,2015,Iowa,suicide,194,3123899
1571,2015,Iowa,homicide,47,3123899
1572,2015,Kansas,suicide,225,2911641
1573,2015,Kansas,homicide,95,2911641
1574,2015,Kentucky,suicide,500,4425092
1575,2015,Kentucky,homicide,174,4425092
1576,2015,Louisiana,suicide,469,4670724
1577,2015,Louisiana,homicide,456,4670724
1578,2015,Maine,suicide,128,1329328
1579,2015,Maine,homicide,14,1329328
1580,2015,Maryland,suicide,244,6006401
1581,2015,Maryland,homicide,445,6006401
1582,2015,Massachusetts,suicide,118,6794422
1583,2015,Massachusetts,homicide,86,6794422
1584,2015,Michigan,suicide,692,9922576
1585,2015,Michigan,homicide,436,9922576
1586,2015,Minnesota,suicide,304,5489594
1587,2015,Minnesota,homicide,92,5489594
1588,2015,Mississippi,suicide,292,2992333
1589,2015,Mississippi,homicide,265,2992333
1590,2015,Missouri,suicide,606,6083672
1591,2015,Missouri,homicide,461,6083672
1592,2015,Montana,suicide,174,1032949
1593,2015,Montana,homicide,21,1032949
1594,2015,Nebraska,suicide,114,1896190
1595,2015,Nebraska,homicide,50,1896190
1596,2015,Nevada,suicide,293,2890845
1597,2015,Nevada,homicide,130,2890845
1598,2015,New Hampshire,suicide,107,1330608
1599,2015,New Hampshire,homicide,12,1330608
1600,2015,New Jersey,suicide,189,8958013
1601,2015,New Jersey,homicide,274,8958013
1602,2015,New Mexico,suicide,275,2085109
1603,2015,New Mexico,homicide,91,2085109
1604,2015,New York,suicide,421,19795791
1605,2015,New York,homicide,409,19795791
1606,2015,North Carolina,suicide,787,10042802
1607,2015,North Carolina,homicide,439,10042802
1608,2015,North Dakota,suicide,76,756927
1609,2015,North Dakota,homicide,11,756927
1610,2015,Ohio,suicide,861,11613423
1611,2015,Ohio,homicide,485,11613423
1612,2015,Oklahoma,suicide,469,3911338
1613,2015,Oklahoma,homicide,221,3911338
1614,2015,Oregon,suicide,373,4028977
1615,2015,Oregon,homicide,94,4028977
1616,2015,Pennsylvania,suicide,932,12802503
1617,2015,Pennsylvania,homicide,522,12802503
1618,2015,Rhode Island,suicide,40,1056298
1619,2015,Rhode Island,homicide,10,1056298
1620,2015,South Carolina,suicide,469,4896146
1621,2015,South Carolina,homicide,361,4896146
1622,2015,South Dakota,suicide,73,858469
1623,2015,South Dakota,homicide,15,858469
1624,2015,Tennessee,suicide,638,6600299
1625,2015,Tennessee,homicide,363,6600299
1626,2015,Texas,suicide,1996,27469114
1627,2015,Texas,homicide,1112,27469114
1628,2015,Utah,suicide,315,2995919
1629,2015,Utah,homicide,41,2995919
1630,2015,Vermont,suicide,59,626042
1631,2015,Vermont,homicide,11,626042
1632,2015,Virginia,suicide,631,8382993
1633,2015,Virginia,homicide,277,8382993
1634,2015,Washington,suicide,539,7170351
1635,2015,Washington,homicide,162,7170351
1636,2015,West Virginia,suicide,215,1844128
1637,2015,West Virginia,homicide,50,1844128
1638,2015,Wisconsin,suicide,424,5771337
1639,2015,Wisconsin,homicide,175,5771337
1640,2015,Wyoming,suicide,95,586107
1641,2015,Wyoming,homicide,13,586107
1642,2016,Alabama,suicide,551,4863300
1643,2016,Alabama,homicide,454,4863300
1644,2016,Alaska,suicide,113,741894
1645,2016,Alaska,homicide,45,741894
1646,2016,Arizona,suicide,755,6931071
1647,2016,Arizona,homicide,304,6931071
1648,2016,Arkansas,suicide,331,2988248
1649,2016,Arkansas,homicide,182,2988248
1650,2016,California,suicide,1596,39250017
1651,2016,California,homicide,1471,39250017
1652,2016,Colorado,suicide,613,5540545
1653,2016,Colorado,homicide,161,5540545
1654,2016,Connecticut,suicide,111,3576452
1655,2016,Connecticut,homicide,55,3576452
1656,2016,Delaware,suicide,65,952065
1657,2016,Delaware,homicide,44,952065
1658,2016,District of Columbia,homicide,98,681170
1659,2016,Florida,suicide,1673,20612439
1660,2016,Florida,homicide,994,20612439
1661,2016,Georgia,suicide,871,10310371
1662,2016,Georgia,homicide,653,10310371
1663,2016,Hawaii,suicide,37,1428557
1664,2016,Hawaii,homicide,23,1428557
1665,2016,Idaho,suicide,215,1683140
1666,2016,Idaho,homicide,15,1683140
1667,2016,Illinois,suicide,506,12801539
1668,2016,Illinois,homicide,947,12801539
1669,2016,Indiana,suicide,591,6633053
1670,2016,Indiana,homicide,368,6633053
1671,2016,Iowa,suicide,229,3134693
1672,2016,Iowa,homicide,50,3134693
1673,2016,Kansas,suicide,258,2907289
1674,2016,Kansas,homicide,113,2907289
1675,2016,Kentucky,suicide,495,4436974
1676,2016,Kentucky,homicide,234,4436974
1677,2016,Louisiana,suicide,440,4681666
1678,2016,Louisiana,homicide,526,4681666
1679,2016,Maine,suicide,112,1331479
1680,2016,Maryland,suicide,251,6016447
1681,2016,Maryland,homicide,436,6016447
1682,2016,Massachusetts,suicide,140,6811779
1683,2016,Massachusetts,homicide,89,6811779
1684,2016,Michigan,suicide,717,9928300
1685,2016,Michigan,homicide,482,9928300
1686,2016,Minnesota,suicide,332,5519952
1687,2016,Minnesota,homicide,83,5519952
1688,2016,Mississippi,suicide,268,2988726
1689,2016,Mississippi,homicide,282,2988726
1690,2016,Missouri,suicide,650,6093000
1691,2016,Missouri,homicide,464,6093000
1692,2016,Montana,suicide,163,1042520
1693,2016,Montana,homicide,18,1042520
1694,2016,Nebraska,suicide,116,1907116
1695,2016,Nebraska,homicide,45,1907116
1696,2016,Nevada,suicide,334,2940058
1697,2016,Nevada,homicide,149,2940058
1698,2016,New Hampshire,suicide,123,1334795
1699,2016,New Jersey,suicide,176,8944469
1700,2016,New Jersey,homicide,297,8944469
1701,2016,New Mexico,suicide,243,2081015
1702,2016,New Mexico,homicide,113,2081015
1703,2016,New York,suicide,490,19745289
1704,2016,New York,homicide,390,19745289
1705,2016,North Carolina,suicide,788,10146788
1706,2016,North Carolina,homicide,558,10146788
1707,2016,North Dakota,suicide,75,757952
1708,2016,North Dakota,homicide,10,757952
1709,2016,Ohio,suicide,927,11614373
1710,2016,Ohio,homicide,557,11614373
1711,2016,Oklahoma,suicide,517,3923561
1712,2016,Oklahoma,homicide,239,3923561
1713,2016,Oregon,suicide,414,4093465
1714,2016,Oregon,homicide,78,4093465
1715,2016,Pennsylvania,suicide,977,12784227
1716,2016,Pennsylvania,homicide,538,12784227
1717,2016,Rhode Island,suicide,35,1056426
1718,2016,Rhode Island,homicide,13,1056426
1719,2016,South Carolina,suicide,525,4961119
1720,2016,South Carolina,homicide,335,4961119
1721,2016,South Dakota,suicide,84,865454
1722,2016,South Dakota,homicide,14,865454
1723,2016,Tennessee,suicide,675,6651194
1724,2016,Tennessee,homicide,437,6651194
1725,2016,Texas,suicide,2019,27862596
1726,2016,Texas,homicide,1223,27862596
1727,2016,Utah,suicide,309,3051217
1728,2016,Utah,homicide,48,3051217
1729,2016,Vermont,suicide,69,624594
1730,2016,Virginia,suicide,671,8411808
1731,2016,Virginia,homicide,353,8411808
1732,2016,Washington,suicide,515,7288000
1733,2016,Washington,homicide,147,7288000
1734,2016,West Virginia,suicide,238,1831102
1735,2016,West Virginia,homicide,78,1831102
1736,2016,Wisconsin,suicide,455,5778708
1737,2016,Wisconsin,homicide,188,5778708
1738,2016,Wyoming,suicide,88,585501
1739,2016,Wyoming,homicide,11,585501
