,Year,State,Death_Cause_List,Deaths,Population
1,1999,Alabama,"Assault (homicide) by discharge of firearms (*U01.4,X93-X95)",293,4430141
3,1999,Alaska,"Assault (homicide) by discharge of firearms (*U01.4,X93-X95)",27,624779
5,1999,Arizona,"Assault (homicide) by discharge of firearms (*U01.4,X93-X95)",303,5023823
7,1999,Arkansas,"Assault (homicide) by discharge of firearms (*U01.4,X93-X95)",120,2651860
9,1999,California,"Assault (homicide) by discharge of firearms (*U01.4,X93-X95)",1387,33499204
11,1999,Colorado,"Assault (homicide) by discharge of firearms (*U01.4,X93-X95)",122,4226018
13,1999,Connecticut,"Assault (homicide) by discharge of firearms (*U01.4,X93-X95)",84,3386401
15,1999,Delaware,"Assault (homicide) by discharge of firearms (*U01.4,X93-X95)",18,774990
17,1999,District of Columbia,"Assault (homicide) by discharge of firearms (*U01.4,X93-X95)",145,570213
19,1999,Florida,"Assault (homicide) by discharge of firearms (*U01.4,X93-X95)",547,15759421
21,1999,Georgia,"Assault (homicide) by discharge of firearms (*U01.4,X93-X95)",440,8045965
23,1999,Hawaii,"Assault (homicide) by discharge of firearms (*U01.4,X93-X95)",19,1210300
25,1999,Idaho,"Assault (homicide) by discharge of firearms (*U01.4,X93-X95)",16,1275674
27,1999,Illinois,"Assault (homicide) by discharge of firearms (*U01.4,X93-X95)",690,12359020
29,1999,Indiana,"Assault (homicide) by discharge of firearms (*U01.4,X93-X95)",271,6044969
31,1999,Iowa,"Assault (homicide) by discharge of firearms (*U01.4,X93-X95)",28,2917634
33,1999,Kansas,"Assault (homicide) by discharge of firearms (*U01.4,X93-X95)",88,2678338
35,1999,Kentucky,"Assault (homicide) by discharge of firearms (*U01.4,X93-X95)",142,4018053
37,1999,Louisiana,"Assault (homicide) by discharge of firearms (*U01.4,X93-X95)",343,4460811
39,1999,Maine,"Assault (homicide) by discharge of firearms (*U01.4,X93-X95)",15,1266808
41,1999,Maryland,"Assault (homicide) by discharge of firearms (*U01.4,X93-X95)",396,5254509
43,1999,Massachusetts,"Assault (homicide) by discharge of firearms (*U01.4,X93-X95)",71,6317345
45,1999,Michigan,"Assault (homicide) by discharge of firearms (*U01.4,X93-X95)",517,9897116
47,1999,Minnesota,"Assault (homicide) by discharge of firearms (*U01.4,X93-X95)",54,4873481
49,1999,Mississippi,"Assault (homicide) by discharge of firearms (*U01.4,X93-X95)",215,2828408
51,1999,Missouri,"Assault (homicide) by discharge of firearms (*U01.4,X93-X95)",245,5561948
53,1999,Montana,"Assault (homicide) by discharge of firearms (*U01.4,X93-X95)",17,897507
55,1999,Nebraska,"Assault (homicide) by discharge of firearms (*U01.4,X93-X95)",29,1704764
57,1999,Nevada,"Assault (homicide) by discharge of firearms (*U01.4,X93-X95)",102,1934718
60,1999,New Jersey,"Assault (homicide) by discharge of firearms (*U01.4,X93-X95)",153,8359592
62,1999,New Mexico,"Assault (homicide) by discharge of firearms (*U01.4,X93-X95)",91,1808082
64,1999,New York,"Assault (homicide) by discharge of firearms (*U01.4,X93-X95)",544,18882725
66,1999,North Carolina,"Assault (homicide) by discharge of firearms (*U01.4,X93-X95)",461,7949361
69,1999,Ohio,"Assault (homicide) by discharge of firearms (*U01.4,X93-X95)",256,11335454
71,1999,Oklahoma,"Assault (homicide) by discharge of firearms (*U01.4,X93-X95)",150,3437147
73,1999,Oregon,"Assault (homicide) by discharge of firearms (*U01.4,X93-X95)",60,3393941
75,1999,Pennsylvania,"Assault (homicide) by discharge of firearms (*U01.4,X93-X95)",430,12263805
77,1999,Rhode Island,"Assault (homicide) by discharge of firearms (*U01.4,X93-X95)",21,1040402
79,1999,South Carolina,"Assault (homicide) by discharge of firearms (*U01.4,X93-X95)",223,3974682
82,1999,Tennessee,"Assault (homicide) by discharge of firearms (*U01.4,X93-X95)",287,5638706
84,1999,Texas,"Assault (homicide) by discharge of firearms (*U01.4,X93-X95)",795,20558220
86,1999,Utah,"Assault (homicide) by discharge of firearms (*U01.4,X93-X95)",30,2203482
89,1999,Virginia,"Assault (homicide) by discharge of firearms (*U01.4,X93-X95)",281,7000174
91,1999,Washington,"Assault (homicide) by discharge of firearms (*U01.4,X93-X95)",108,5842564
93,1999,West Virginia,"Assault (homicide) by discharge of firearms (*U01.4,X93-X95)",63,1811799
95,1999,Wisconsin,"Assault (homicide) by discharge of firearms (*U01.4,X93-X95)",128,5332666
98,2000,Alabama,"Assault (homicide) by discharge of firearms (*U01.4,X93-X95)",294,4447100
100,2000,Alaska,"Assault (homicide) by discharge of firearms (*U01.4,X93-X95)",16,626932
102,2000,Arizona,"Assault (homicide) by discharge of firearms (*U01.4,X93-X95)",275,5130632
104,2000,Arkansas,"Assault (homicide) by discharge of firearms (*U01.4,X93-X95)",141,2673400
106,2000,California,"Assault (homicide) by discharge of firearms (*U01.4,X93-X95)",1485,33871648
108,2000,Colorado,"Assault (homicide) by discharge of firearms (*U01.4,X93-X95)",84,4301261
110,2000,Connecticut,"Assault (homicide) by discharge of firearms (*U01.4,X93-X95)",61,3405565
112,2000,District of Columbia,"Assault (homicide) by discharge of firearms (*U01.4,X93-X95)",138,572059
114,2000,Florida,"Assault (homicide) by discharge of firearms (*U01.4,X93-X95)",467,15982378
116,2000,Georgia,"Assault (homicide) by discharge of firearms (*U01.4,X93-X95)",446,8186453
119,2000,Idaho,"Assault (homicide) by discharge of firearms (*U01.4,X93-X95)",14,1293953
121,2000,Illinois,"Assault (homicide) by discharge of firearms (*U01.4,X93-X95)",676,12419293
123,2000,Indiana,"Assault (homicide) by discharge of firearms (*U01.4,X93-X95)",218,6080485
125,2000,Iowa,"Assault (homicide) by discharge of firearms (*U01.4,X93-X95)",25,2926324
127,2000,Kansas,"Assault (homicide) by discharge of firearms (*U01.4,X93-X95)",101,2688418
129,2000,Kentucky,"Assault (homicide) by discharge of firearms (*U01.4,X93-X95)",133,4041769
131,2000,Louisiana,"Assault (homicide) by discharge of firearms (*U01.4,X93-X95)",427,4468976
133,2000,Maine,"Assault (homicide) by discharge of firearms (*U01.4,X93-X95)",11,1274923
135,2000,Maryland,"Assault (homicide) by discharge of firearms (*U01.4,X93-X95)",353,5296486
137,2000,Massachusetts,"Assault (homicide) by discharge of firearms (*U01.4,X93-X95)",67,6349097
139,2000,Michigan,"Assault (homicide) by discharge of firearms (*U01.4,X93-X95)",507,9938444
141,2000,Minnesota,"Assault (homicide) by discharge of firearms (*U01.4,X93-X95)",78,4919479
143,2000,Mississippi,"Assault (homicide) by discharge of firearms (*U01.4,X93-X95)",214,2844658
145,2000,Missouri,"Assault (homicide) by discharge of firearms (*U01.4,X93-X95)",273,5595211
147,2000,Montana,"Assault (homicide) by discharge of firearms (*U01.4,X93-X95)",17,902195
149,2000,Nebraska,"Assault (homicide) by discharge of firearms (*U01.4,X93-X95)",41,1711263
151,2000,Nevada,"Assault (homicide) by discharge of firearms (*U01.4,X93-X95)",89,1998257
154,2000,New Jersey,"Assault (homicide) by discharge of firearms (*U01.4,X93-X95)",172,8414350
156,2000,New Mexico,"Assault (homicide) by discharge of firearms (*U01.4,X93-X95)",99,1819046
158,2000,New York,"Assault (homicide) by discharge of firearms (*U01.4,X93-X95)",602,18976457
160,2000,North Carolina,"Assault (homicide) by discharge of firearms (*U01.4,X93-X95)",459,8049313
163,2000,Ohio,"Assault (homicide) by discharge of firearms (*U01.4,X93-X95)",253,11353140
165,2000,Oklahoma,"Assault (homicide) by discharge of firearms (*U01.4,X93-X95)",116,3450654
167,2000,Oregon,"Assault (homicide) by discharge of firearms (*U01.4,X93-X95)",63,3421399
169,2000,Pennsylvania,"Assault (homicide) by discharge of firearms (*U01.4,X93-X95)",440,12281054
171,2000,Rhode Island,"Assault (homicide) by discharge of firearms (*U01.4,X93-X95)",27,1048319
173,2000,South Carolina,"Assault (homicide) by discharge of firearms (*U01.4,X93-X95)",170,4012012
176,2000,Tennessee,"Assault (homicide) by discharge of firearms (*U01.4,X93-X95)",343,5689283
178,2000,Texas,"Assault (homicide) by discharge of firearms (*U01.4,X93-X95)",806,20851820
180,2000,Utah,"Assault (homicide) by discharge of firearms (*U01.4,X93-X95)",17,2233169
183,2000,Virginia,"Assault (homicide) by discharge of firearms (*U01.4,X93-X95)",284,7078515
185,2000,Washington,"Assault (homicide) by discharge of firearms (*U01.4,X93-X95)",114,5894121
187,2000,West Virginia,"Assault (homicide) by discharge of firearms (*U01.4,X93-X95)",56,1808344
189,2000,Wisconsin,"Assault (homicide) by discharge of firearms (*U01.4,X93-X95)",113,5363675
192,2001,Alabama,"Assault (homicide) by discharge of firearms (*U01.4,X93-X95)",303,4467634
194,2001,Alaska,"Assault (homicide) by discharge of firearms (*U01.4,X93-X95)",25,633714
196,2001,Arizona,"Assault (homicide) by discharge of firearms (*U01.4,X93-X95)",332,5273477
198,2001,Arkansas,"Assault (homicide) by discharge of firearms (*U01.4,X93-X95)",113,2691571
200,2001,California,"Assault (homicide) by discharge of firearms (*U01.4,X93-X95)",1591,34479458
202,2001,Colorado,"Assault (homicide) by discharge of firearms (*U01.4,X93-X95)",98,4425687
204,2001,Connecticut,"Assault (homicide) by discharge of firearms (*U01.4,X93-X95)",72,3432835
206,2001,Delaware,"Assault (homicide) by discharge of firearms (*U01.4,X93-X95)",19,795699
208,2001,District of Columbia,"Assault (homicide) by discharge of firearms (*U01.4,X93-X95)",142,574504
210,2001,Florida,"Assault (homicide) by discharge of firearms (*U01.4,X93-X95)",574,16356966
212,2001,Georgia,"Assault (homicide) by discharge of firearms (*U01.4,X93-X95)",455,8377038
215,2001,Idaho,"Assault (homicide) by discharge of firearms (*U01.4,X93-X95)",25,1319962
217,2001,Illinois,"Assault (homicide) by discharge of firearms (*U01.4,X93-X95)",747,12488445
219,2001,Indiana,"Assault (homicide) by discharge of firearms (*U01.4,X93-X95)",291,6127760
221,2001,Iowa,"Assault (homicide) by discharge of firearms (*U01.4,X93-X95)",24,2931997
223,2001,Kansas,"Assault (homicide) by discharge of firearms (*U01.4,X93-X95)",91,2702162
225,2001,Kentucky,"Assault (homicide) by discharge of firearms (*U01.4,X93-X95)",139,4068132
227,2001,Louisiana,"Assault (homicide) by discharge of firearms (*U01.4,X93-X95)",401,4477875
230,2001,Maryland,"Assault (homicide) by discharge of firearms (*U01.4,X93-X95)",363,5374691
232,2001,Massachusetts,"Assault (homicide) by discharge of firearms (*U01.4,X93-X95)",80,6397634
234,2001,Michigan,"Assault (homicide) by discharge of firearms (*U01.4,X93-X95)",500,9991120
236,2001,Minnesota,"Assault (homicide) by discharge of firearms (*U01.4,X93-X95)",68,4982796
238,2001,Mississippi,"Assault (homicide) by discharge of firearms (*U01.4,X93-X95)",225,2852994
240,2001,Missouri,"Assault (homicide) by discharge of firearms (*U01.4,X93-X95)",277,5641142
242,2001,Montana,"Assault (homicide) by discharge of firearms (*U01.4,X93-X95)",20,906961
244,2001,Nebraska,"Assault (homicide) by discharge of firearms (*U01.4,X93-X95)",21,1719836
246,2001,Nevada,"Assault (homicide) by discharge of firearms (*U01.4,X93-X95)",110,2098399
248,2001,New Hampshire,"Assault (homicide) by discharge of firearms (*U01.4,X93-X95)",10,1255517
250,2001,New Jersey,"Assault (homicide) by discharge of firearms (*U01.4,X93-X95)",186,8492671
252,2001,New Mexico,"Assault (homicide) by discharge of firearms (*U01.4,X93-X95)",67,1831690
254,2001,New York,"Assault (homicide) by discharge of firearms (*U01.4,X93-X95)",583,19082838
256,2001,North Carolina,"Assault (homicide) by discharge of firearms (*U01.4,X93-X95)",419,8210122
259,2001,Ohio,"Assault (homicide) by discharge of firearms (*U01.4,X93-X95)",316,11387404
261,2001,Oklahoma,"Assault (homicide) by discharge of firearms (*U01.4,X93-X95)",126,3467100
263,2001,Oregon,"Assault (homicide) by discharge of firearms (*U01.4,X93-X95)",47,3467937
265,2001,Pennsylvania,"Assault (homicide) by discharge of firearms (*U01.4,X93-X95)",444,12298970
267,2001,Rhode Island,"Assault (homicide) by discharge of firearms (*U01.4,X93-X95)",20,1057142
269,2001,South Carolina,"Assault (homicide) by discharge of firearms (*U01.4,X93-X95)",229,4064995
272,2001,Tennessee,"Assault (homicide) by discharge of firearms (*U01.4,X93-X95)",307,5750789
274,2001,Texas,"Assault (homicide) by discharge of firearms (*U01.4,X93-X95)",877,21319622
276,2001,Utah,"Assault (homicide) by discharge of firearms (*U01.4,X93-X95)",40,2283715
279,2001,Virginia,"Assault (homicide) by discharge of firearms (*U01.4,X93-X95)",275,7198362
281,2001,Washington,"Assault (homicide) by discharge of firearms (*U01.4,X93-X95)",106,5985722
283,2001,West Virginia,"Assault (homicide) by discharge of firearms (*U01.4,X93-X95)",38,1801481
285,2001,Wisconsin,"Assault (homicide) by discharge of firearms (*U01.4,X93-X95)",134,5406835
288,2002,Alabama,"Assault (homicide) by discharge of firearms (*U01.4,X93-X95)",292,4480089
290,2002,Alaska,"Assault (homicide) by discharge of firearms (*U01.4,X93-X95)",26,642337
292,2002,Arizona,"Assault (homicide) by discharge of firearms (*U01.4,X93-X95)",356,5396255
294,2002,Arkansas,"Assault (homicide) by discharge of firearms (*U01.4,X93-X95)",146,2705927
296,2002,California,"Assault (homicide) by discharge of firearms (*U01.4,X93-X95)",1818,34871843
298,2002,Colorado,"Assault (homicide) by discharge of firearms (*U01.4,X93-X95)",116,4490406
300,2002,Connecticut,"Assault (homicide) by discharge of firearms (*U01.4,X93-X95)",57,3458749
302,2002,Delaware,"Assault (homicide) by discharge of firearms (*U01.4,X93-X95)",28,806169
304,2002,District of Columbia,"Assault (homicide) by discharge of firearms (*U01.4,X93-X95)",176,573158
306,2002,Florida,"Assault (homicide) by discharge of firearms (*U01.4,X93-X95)",636,16689370
308,2002,Georgia,"Assault (homicide) by discharge of firearms (*U01.4,X93-X95)",479,8508256
310,2002,Hawaii,"Assault (homicide) by discharge of firearms (*U01.4,X93-X95)",15,1239613
312,2002,Idaho,"Assault (homicide) by discharge of firearms (*U01.4,X93-X95)",15,1340372
314,2002,Illinois,"Assault (homicide) by discharge of firearms (*U01.4,X93-X95)",731,12525556
316,2002,Indiana,"Assault (homicide) by discharge of firearms (*U01.4,X93-X95)",243,6155967
318,2002,Iowa,"Assault (homicide) by discharge of firearms (*U01.4,X93-X95)",30,2934234
320,2002,Kansas,"Assault (homicide) by discharge of firearms (*U01.4,X93-X95)",74,2713535
322,2002,Kentucky,"Assault (homicide) by discharge of firearms (*U01.4,X93-X95)",127,4089875
324,2002,Louisiana,"Assault (homicide) by discharge of firearms (*U01.4,X93-X95)",469,4497267
327,2002,Maryland,"Assault (homicide) by discharge of firearms (*U01.4,X93-X95)",365,5440389
329,2002,Massachusetts,"Assault (homicide) by discharge of firearms (*U01.4,X93-X95)",94,6417206
331,2002,Michigan,"Assault (homicide) by discharge of firearms (*U01.4,X93-X95)",492,10015710
333,2002,Minnesota,"Assault (homicide) by discharge of firearms (*U01.4,X93-X95)",55,5018935
335,2002,Mississippi,"Assault (homicide) by discharge of firearms (*U01.4,X93-X95)",209,2858681
337,2002,Missouri,"Assault (homicide) by discharge of firearms (*U01.4,X93-X95)",253,5674825
340,2002,Nebraska,"Assault (homicide) by discharge of firearms (*U01.4,X93-X95)",27,1728292
342,2002,Nevada,"Assault (homicide) by discharge of firearms (*U01.4,X93-X95)",114,2173791
345,2002,New Jersey,"Assault (homicide) by discharge of firearms (*U01.4,X93-X95)",208,8552643
347,2002,New Mexico,"Assault (homicide) by discharge of firearms (*U01.4,X93-X95)",81,1855309
349,2002,New York,"Assault (homicide) by discharge of firearms (*U01.4,X93-X95)",550,19137800
351,2002,North Carolina,"Assault (homicide) by discharge of firearms (*U01.4,X93-X95)",467,8326201
354,2002,Ohio,"Assault (homicide) by discharge of firearms (*U01.4,X93-X95)",354,11407889
356,2002,Oklahoma,"Assault (homicide) by discharge of firearms (*U01.4,X93-X95)",113,3489080
358,2002,Oregon,"Assault (homicide) by discharge of firearms (*U01.4,X93-X95)",64,3513424
360,2002,Pennsylvania,"Assault (homicide) by discharge of firearms (*U01.4,X93-X95)",457,12331031
362,2002,Rhode Island,"Assault (homicide) by discharge of firearms (*U01.4,X93-X95)",25,1065995
364,2002,South Carolina,"Assault (homicide) by discharge of firearms (*U01.4,X93-X95)",227,4107795
367,2002,Tennessee,"Assault (homicide) by discharge of firearms (*U01.4,X93-X95)",323,5795918
369,2002,Texas,"Assault (homicide) by discharge of firearms (*U01.4,X93-X95)",890,21690325
371,2002,Utah,"Assault (homicide) by discharge of firearms (*U01.4,X93-X95)",27,2324815
374,2002,Virginia,"Assault (homicide) by discharge of firearms (*U01.4,X93-X95)",287,7286873
376,2002,Washington,"Assault (homicide) by discharge of firearms (*U01.4,X93-X95)",110,6052349
378,2002,West Virginia,"Assault (homicide) by discharge of firearms (*U01.4,X93-X95)",66,1805414
380,2002,Wisconsin,"Assault (homicide) by discharge of firearms (*U01.4,X93-X95)",122,5445162
383,2003,Alabama,"Assault (homicide) by discharge of firearms (*U01.4,X93-X95)",322,4503491
385,2003,Alaska,"Assault (homicide) by discharge of firearms (*U01.4,X93-X95)",32,648414
387,2003,Arizona,"Assault (homicide) by discharge of firearms (*U01.4,X93-X95)",325,5510364
389,2003,Arkansas,"Assault (homicide) by discharge of firearms (*U01.4,X93-X95)",123,2724816
391,2003,California,"Assault (homicide) by discharge of firearms (*U01.4,X93-X95)",1788,35253159
393,2003,Colorado,"Assault (homicide) by discharge of firearms (*U01.4,X93-X95)",118,4528732
395,2003,Connecticut,"Assault (homicide) by discharge of firearms (*U01.4,X93-X95)",56,3484336
397,2003,Delaware,"Assault (homicide) by discharge of firearms (*U01.4,X93-X95)",18,818003
399,2003,District of Columbia,"Assault (homicide) by discharge of firearms (*U01.4,X93-X95)",156,568502
401,2003,Florida,"Assault (homicide) by discharge of firearms (*U01.4,X93-X95)",661,17004085
403,2003,Georgia,"Assault (homicide) by discharge of firearms (*U01.4,X93-X95)",494,8622793
405,2003,Hawaii,"Assault (homicide) by discharge of firearms (*U01.4,X93-X95)",10,1251154
407,2003,Idaho,"Assault (homicide) by discharge of firearms (*U01.4,X93-X95)",19,1363380
409,2003,Illinois,"Assault (homicide) by discharge of firearms (*U01.4,X93-X95)",700,12556006
411,2003,Indiana,"Assault (homicide) by discharge of firearms (*U01.4,X93-X95)",247,6196638
413,2003,Iowa,"Assault (homicide) by discharge of firearms (*U01.4,X93-X95)",24,2941999
415,2003,Kansas,"Assault (homicide) by discharge of firearms (*U01.4,X93-X95)",78,2723004
417,2003,Kentucky,"Assault (homicide) by discharge of firearms (*U01.4,X93-X95)",115,4117170
419,2003,Louisiana,"Assault (homicide) by discharge of firearms (*U01.4,X93-X95)",475,4521042
422,2003,Maryland,"Assault (homicide) by discharge of firearms (*U01.4,X93-X95)",395,5496269
424,2003,Massachusetts,"Assault (homicide) by discharge of firearms (*U01.4,X93-X95)",78,6422565
426,2003,Michigan,"Assault (homicide) by discharge of firearms (*U01.4,X93-X95)",478,10041152
428,2003,Minnesota,"Assault (homicide) by discharge of firearms (*U01.4,X93-X95)",75,5053572
430,2003,Mississippi,"Assault (homicide) by discharge of firearms (*U01.4,X93-X95)",201,2868312
432,2003,Missouri,"Assault (homicide) by discharge of firearms (*U01.4,X93-X95)",219,5709403
434,2003,Montana,"Assault (homicide) by discharge of firearms (*U01.4,X93-X95)",20,919630
436,2003,Nebraska,"Assault (homicide) by discharge of firearms (*U01.4,X93-X95)",31,1738643
438,2003,Nevada,"Assault (homicide) by discharge of firearms (*U01.4,X93-X95)",114,2248850
441,2003,New Jersey,"Assault (homicide) by discharge of firearms (*U01.4,X93-X95)",257,8601402
443,2003,New Mexico,"Assault (homicide) by discharge of firearms (*U01.4,X93-X95)",87,1877574
445,2003,New York,"Assault (homicide) by discharge of firearms (*U01.4,X93-X95)",592,19175939
447,2003,North Carolina,"Assault (homicide) by discharge of firearms (*U01.4,X93-X95)",397,8422501
449,2003,North Dakota,"Assault (homicide) by discharge of firearms (*U01.4,X93-X95)",12,638817
451,2003,Ohio,"Assault (homicide) by discharge of firearms (*U01.4,X93-X95)",322,11434788
453,2003,Oklahoma,"Assault (homicide) by discharge of firearms (*U01.4,X93-X95)",139,3504892
455,2003,Oregon,"Assault (homicide) by discharge of firearms (*U01.4,X93-X95)",52,3547376
457,2003,Pennsylvania,"Assault (homicide) by discharge of firearms (*U01.4,X93-X95)",468,12374658
459,2003,Rhode Island,"Assault (homicide) by discharge of firearms (*U01.4,X93-X95)",21,1071342
461,2003,South Carolina,"Assault (homicide) by discharge of firearms (*U01.4,X93-X95)",236,4150297
464,2003,Tennessee,"Assault (homicide) by discharge of firearms (*U01.4,X93-X95)",301,5847812
466,2003,Texas,"Assault (homicide) by discharge of firearms (*U01.4,X93-X95)",977,22030931
468,2003,Utah,"Assault (homicide) by discharge of firearms (*U01.4,X93-X95)",37,2360137
471,2003,Virginia,"Assault (homicide) by discharge of firearms (*U01.4,X93-X95)",336,7366977
473,2003,Washington,"Assault (homicide) by discharge of firearms (*U01.4,X93-X95)",111,6104115
475,2003,West Virginia,"Assault (homicide) by discharge of firearms (*U01.4,X93-X95)",60,1812295
477,2003,Wisconsin,"Assault (homicide) by discharge of firearms (*U01.4,X93-X95)",141,5479203
480,2004,Alabama,"Assault (homicide) by discharge of firearms (*U01.4,X93-X95)",263,4530729
482,2004,Alaska,"Assault (homicide) by discharge of firearms (*U01.4,X93-X95)",20,659286
484,2004,Arizona,"Assault (homicide) by discharge of firearms (*U01.4,X93-X95)",342,5652404
486,2004,Arkansas,"Assault (homicide) by discharge of firearms (*U01.4,X93-X95)",142,2749686
488,2004,California,"Assault (homicide) by discharge of firearms (*U01.4,X93-X95)",1813,35574576
490,2004,Colorado,"Assault (homicide) by discharge of firearms (*U01.4,X93-X95)",131,4575013
492,2004,Connecticut,"Assault (homicide) by discharge of firearms (*U01.4,X93-X95)",64,3496094
494,2004,Delaware,"Assault (homicide) by discharge of firearms (*U01.4,X93-X95)",27,830803
495,2004,District of Columbia,"Assault (homicide) by discharge of firearms (*U01.4,X93-X95)",137,567754
497,2004,Florida,"Assault (homicide) by discharge of firearms (*U01.4,X93-X95)",647,17415318
499,2004,Georgia,"Assault (homicide) by discharge of firearms (*U01.4,X93-X95)",421,8769252
502,2004,Idaho,"Assault (homicide) by discharge of firearms (*U01.4,X93-X95)",16,1391802
504,2004,Illinois,"Assault (homicide) by discharge of firearms (*U01.4,X93-X95)",576,12589773
506,2004,Indiana,"Assault (homicide) by discharge of firearms (*U01.4,X93-X95)",224,6233007
508,2004,Iowa,"Assault (homicide) by discharge of firearms (*U01.4,X93-X95)",30,2953635
510,2004,Kansas,"Assault (homicide) by discharge of firearms (*U01.4,X93-X95)",85,2734373
512,2004,Kentucky,"Assault (homicide) by discharge of firearms (*U01.4,X93-X95)",152,4146101
514,2004,Louisiana,"Assault (homicide) by discharge of firearms (*U01.4,X93-X95)",480,4552238
516,2004,Maine,"Assault (homicide) by discharge of firearms (*U01.4,X93-X95)",11,1313688
518,2004,Maryland,"Assault (homicide) by discharge of firearms (*U01.4,X93-X95)",386,5546935
520,2004,Massachusetts,"Assault (homicide) by discharge of firearms (*U01.4,X93-X95)",106,6412281
522,2004,Michigan,"Assault (homicide) by discharge of firearms (*U01.4,X93-X95)",489,10055315
524,2004,Minnesota,"Assault (homicide) by discharge of firearms (*U01.4,X93-X95)",85,5087713
526,2004,Mississippi,"Assault (homicide) by discharge of firearms (*U01.4,X93-X95)",202,2889010
528,2004,Missouri,"Assault (homicide) by discharge of firearms (*U01.4,X93-X95)",257,5747741
530,2004,Montana,"Assault (homicide) by discharge of firearms (*U01.4,X93-X95)",12,930009
532,2004,Nebraska,"Assault (homicide) by discharge of firearms (*U01.4,X93-X95)",24,1749370
534,2004,Nevada,"Assault (homicide) by discharge of firearms (*U01.4,X93-X95)",123,2346222
536,2004,New Hampshire,"Assault (homicide) by discharge of firearms (*U01.4,X93-X95)",11,1290121
538,2004,New Jersey,"Assault (homicide) by discharge of firearms (*U01.4,X93-X95)",253,8634561
540,2004,New Mexico,"Assault (homicide) by discharge of firearms (*U01.4,X93-X95)",81,1903808
542,2004,New York,"Assault (homicide) by discharge of firearms (*U01.4,X93-X95)",520,19171567
544,2004,North Carolina,"Assault (homicide) by discharge of firearms (*U01.4,X93-X95)",411,8553152
547,2004,Ohio,"Assault (homicide) by discharge of firearms (*U01.4,X93-X95)",340,11452251
549,2004,Oklahoma,"Assault (homicide) by discharge of firearms (*U01.4,X93-X95)",125,3525233
551,2004,Oregon,"Assault (homicide) by discharge of firearms (*U01.4,X93-X95)",66,3569463
553,2004,Pennsylvania,"Assault (homicide) by discharge of firearms (*U01.4,X93-X95)",504,12410722
555,2004,Rhode Island,"Assault (homicide) by discharge of firearms (*U01.4,X93-X95)",18,1074579
557,2004,South Carolina,"Assault (homicide) by discharge of firearms (*U01.4,X93-X95)",221,4210921
560,2004,Tennessee,"Assault (homicide) by discharge of firearms (*U01.4,X93-X95)",286,5910809
562,2004,Texas,"Assault (homicide) by discharge of firearms (*U01.4,X93-X95)",923,22394023
564,2004,Utah,"Assault (homicide) by discharge of firearms (*U01.4,X93-X95)",30,2401580
567,2004,Virginia,"Assault (homicide) by discharge of firearms (*U01.4,X93-X95)",296,7475575
569,2004,Washington,"Assault (homicide) by discharge of firearms (*U01.4,X93-X95)",122,6178645
571,2004,West Virginia,"Assault (homicide) by discharge of firearms (*U01.4,X93-X95)",52,1816438
573,2004,Wisconsin,"Assault (homicide) by discharge of firearms (*U01.4,X93-X95)",94,5514026
576,2005,Alabama,"Assault (homicide) by discharge of firearms (*U01.4,X93-X95)",322,4569805
578,2005,Alaska,"Assault (homicide) by discharge of firearms (*U01.4,X93-X95)",24,666946
580,2005,Arizona,"Assault (homicide) by discharge of firearms (*U01.4,X93-X95)",377,5839077
582,2005,Arkansas,"Assault (homicide) by discharge of firearms (*U01.4,X93-X95)",154,2781097
584,2005,California,"Assault (homicide) by discharge of firearms (*U01.4,X93-X95)",1878,35827943
586,2005,Colorado,"Assault (homicide) by discharge of firearms (*U01.4,X93-X95)",115,4631888
588,2005,Connecticut,"Assault (homicide) by discharge of firearms (*U01.4,X93-X95)",66,3506956
590,2005,Delaware,"Assault (homicide) by discharge of firearms (*U01.4,X93-X95)",33,845150
592,2005,District of Columbia,"Assault (homicide) by discharge of firearms (*U01.4,X93-X95)",142,567136
594,2005,Florida,"Assault (homicide) by discharge of firearms (*U01.4,X93-X95)",634,17842038
596,2005,Georgia,"Assault (homicide) by discharge of firearms (*U01.4,X93-X95)",439,8925922
599,2005,Idaho,"Assault (homicide) by discharge of firearms (*U01.4,X93-X95)",28,1428241
601,2005,Illinois,"Assault (homicide) by discharge of firearms (*U01.4,X93-X95)",569,12609903
603,2005,Indiana,"Assault (homicide) by discharge of firearms (*U01.4,X93-X95)",257,6278616
605,2005,Iowa,"Assault (homicide) by discharge of firearms (*U01.4,X93-X95)",23,2964454
607,2005,Kansas,"Assault (homicide) by discharge of firearms (*U01.4,X93-X95)",61,2745299
609,2005,Kentucky,"Assault (homicide) by discharge of firearms (*U01.4,X93-X95)",152,4182742
611,2005,Louisiana,"Assault (homicide) by discharge of firearms (*U01.4,X93-X95)",458,4576628
614,2005,Maryland,"Assault (homicide) by discharge of firearms (*U01.4,X93-X95)",424,5592379
616,2005,Massachusetts,"Assault (homicide) by discharge of firearms (*U01.4,X93-X95)",108,6403290
618,2005,Michigan,"Assault (homicide) by discharge of firearms (*U01.4,X93-X95)",492,10051137
620,2005,Minnesota,"Assault (homicide) by discharge of firearms (*U01.4,X93-X95)",88,5119598
622,2005,Mississippi,"Assault (homicide) by discharge of firearms (*U01.4,X93-X95)",176,2905943
624,2005,Missouri,"Assault (homicide) by discharge of firearms (*U01.4,X93-X95)",296,5790300
626,2005,Montana,"Assault (homicide) by discharge of firearms (*U01.4,X93-X95)",17,940102
628,2005,Nebraska,"Assault (homicide) by discharge of firearms (*U01.4,X93-X95)",28,1761497
630,2005,Nevada,"Assault (homicide) by discharge of firearms (*U01.4,X93-X95)",115,2432143
633,2005,New Jersey,"Assault (homicide) by discharge of firearms (*U01.4,X93-X95)",288,8651974
635,2005,New Mexico,"Assault (homicide) by discharge of firearms (*U01.4,X93-X95)",77,1932274
637,2005,New York,"Assault (homicide) by discharge of firearms (*U01.4,X93-X95)",517,19132610
639,2005,North Carolina,"Assault (homicide) by discharge of firearms (*U01.4,X93-X95)",451,8705407
642,2005,Ohio,"Assault (homicide) by discharge of firearms (*U01.4,X93-X95)",409,11463320
644,2005,Oklahoma,"Assault (homicide) by discharge of firearms (*U01.4,X93-X95)",137,3548597
646,2005,Oregon,"Assault (homicide) by discharge of firearms (*U01.4,X93-X95)",54,3613202
648,2005,Pennsylvania,"Assault (homicide) by discharge of firearms (*U01.4,X93-X95)",537,12449990
650,2005,Rhode Island,"Assault (homicide) by discharge of firearms (*U01.4,X93-X95)",20,1067916
652,2005,South Carolina,"Assault (homicide) by discharge of firearms (*U01.4,X93-X95)",235,4270150
655,2005,Tennessee,"Assault (homicide) by discharge of firearms (*U01.4,X93-X95)",372,5991057
657,2005,Texas,"Assault (homicide) by discharge of firearms (*U01.4,X93-X95)",1012,22778123
659,2005,Utah,"Assault (homicide) by discharge of firearms (*U01.4,X93-X95)",33,2457719
662,2005,Virginia,"Assault (homicide) by discharge of firearms (*U01.4,X93-X95)",354,7577105
664,2005,Washington,"Assault (homicide) by discharge of firearms (*U01.4,X93-X95)",141,6257305
666,2005,West Virginia,"Assault (homicide) by discharge of firearms (*U01.4,X93-X95)",57,1820492
668,2005,Wisconsin,"Assault (homicide) by discharge of firearms (*U01.4,X93-X95)",159,5546166
670,2005,Wyoming,"Assault (homicide) by discharge of firearms (*U01.4,X93-X95)",11,514157
672,2006,Alabama,"Assault (homicide) by discharge of firearms (*U01.4,X93-X95)",334,4628981
674,2006,Alaska,"Assault (homicide) by discharge of firearms (*U01.4,X93-X95)",28,675302
676,2006,Arizona,"Assault (homicide) by discharge of firearms (*U01.4,X93-X95)",388,6029141
678,2006,Arkansas,"Assault (homicide) by discharge of firearms (*U01.4,X93-X95)",155,2821761
680,2006,California,"Assault (homicide) by discharge of firearms (*U01.4,X93-X95)",1887,36021202
682,2006,Colorado,"Assault (homicide) by discharge of firearms (*U01.4,X93-X95)",104,4720423
684,2006,Connecticut,"Assault (homicide) by discharge of firearms (*U01.4,X93-X95)",92,3517460
686,2006,Delaware,"Assault (homicide) by discharge of firearms (*U01.4,X93-X95)",34,859268
688,2006,District of Columbia,"Assault (homicide) by discharge of firearms (*U01.4,X93-X95)",120,570681
690,2006,Florida,"Assault (homicide) by discharge of firearms (*U01.4,X93-X95)",803,18166990
692,2006,Georgia,"Assault (homicide) by discharge of firearms (*U01.4,X93-X95)",495,9155813
695,2006,Idaho,"Assault (homicide) by discharge of firearms (*U01.4,X93-X95)",24,1468669
697,2006,Illinois,"Assault (homicide) by discharge of firearms (*U01.4,X93-X95)",625,12643955
699,2006,Indiana,"Assault (homicide) by discharge of firearms (*U01.4,X93-X95)",264,6332669
701,2006,Iowa,"Assault (homicide) by discharge of firearms (*U01.4,X93-X95)",38,2982644
703,2006,Kansas,"Assault (homicide) by discharge of firearms (*U01.4,X93-X95)",73,2762931
705,2006,Kentucky,"Assault (homicide) by discharge of firearms (*U01.4,X93-X95)",112,4219239
707,2006,Louisiana,"Assault (homicide) by discharge of firearms (*U01.4,X93-X95)",444,4302665
709,2006,Maine,"Assault (homicide) by discharge of firearms (*U01.4,X93-X95)",15,1323619
711,2006,Maryland,"Assault (homicide) by discharge of firearms (*U01.4,X93-X95)",417,5627367
713,2006,Massachusetts,"Assault (homicide) by discharge of firearms (*U01.4,X93-X95)",105,6410084
715,2006,Michigan,"Assault (homicide) by discharge of firearms (*U01.4,X93-X95)",539,10036081
717,2006,Minnesota,"Assault (homicide) by discharge of firearms (*U01.4,X93-X95)",79,5163555
719,2006,Mississippi,"Assault (homicide) by discharge of firearms (*U01.4,X93-X95)",222,2904978
721,2006,Missouri,"Assault (homicide) by discharge of firearms (*U01.4,X93-X95)",295,5842704
723,2006,Montana,"Assault (homicide) by discharge of firearms (*U01.4,X93-X95)",11,952692
725,2006,Nebraska,"Assault (homicide) by discharge of firearms (*U01.4,X93-X95)",31,1772693
727,2006,Nevada,"Assault (homicide) by discharge of firearms (*U01.4,X93-X95)",134,2522658
729,2006,New Hampshire,"Assault (homicide) by discharge of firearms (*U01.4,X93-X95)",13,1308389
731,2006,New Jersey,"Assault (homicide) by discharge of firearms (*U01.4,X93-X95)",302,8661679
733,2006,New Mexico,"Assault (homicide) by discharge of firearms (*U01.4,X93-X95)",73,1962137
735,2006,New York,"Assault (homicide) by discharge of firearms (*U01.4,X93-X95)",571,19104631
737,2006,North Carolina,"Assault (homicide) by discharge of firearms (*U01.4,X93-X95)",439,8917270
740,2006,Ohio,"Assault (homicide) by discharge of firearms (*U01.4,X93-X95)",451,11481213
742,2006,Oklahoma,"Assault (homicide) by discharge of firearms (*U01.4,X93-X95)",152,3594090
744,2006,Oregon,"Assault (homicide) by discharge of firearms (*U01.4,X93-X95)",63,3670883
746,2006,Pennsylvania,"Assault (homicide) by discharge of firearms (*U01.4,X93-X95)",595,12510809
748,2006,Rhode Island,"Assault (homicide) by discharge of firearms (*U01.4,X93-X95)",19,1063096
750,2006,South Carolina,"Assault (homicide) by discharge of firearms (*U01.4,X93-X95)",274,4357847
753,2006,Tennessee,"Assault (homicide) by discharge of firearms (*U01.4,X93-X95)",330,6088766
755,2006,Texas,"Assault (homicide) by discharge of firearms (*U01.4,X93-X95)",1034,23359580
757,2006,Utah,"Assault (homicide) by discharge of firearms (*U01.4,X93-X95)",29,2525507
760,2006,Virginia,"Assault (homicide) by discharge of firearms (*U01.4,X93-X95)",284,7673725
762,2006,Washington,"Assault (homicide) by discharge of firearms (*U01.4,X93-X95)",123,6370753
764,2006,West Virginia,"Assault (homicide) by discharge of firearms (*U01.4,X93-X95)",57,1827912
766,2006,Wisconsin,"Assault (homicide) by discharge of firearms (*U01.4,X93-X95)",110,5577655
769,2007,Alabama,"Assault (homicide) by discharge of firearms (*U01.4,X93-X95)",378,4672840
771,2007,Alaska,"Assault (homicide) by discharge of firearms (*U01.4,X93-X95)",25,680300
773,2007,Arizona,"Assault (homicide) by discharge of firearms (*U01.4,X93-X95)",354,6167681
775,2007,Arkansas,"Assault (homicide) by discharge of firearms (*U01.4,X93-X95)",153,2848650
777,2007,California,"Assault (homicide) by discharge of firearms (*U01.4,X93-X95)",1703,36250311
779,2007,Colorado,"Assault (homicide) by discharge of firearms (*U01.4,X93-X95)",91,4803868
781,2007,Connecticut,"Assault (homicide) by discharge of firearms (*U01.4,X93-X95)",67,3527270
783,2007,Delaware,"Assault (homicide) by discharge of firearms (*U01.4,X93-X95)",30,871749
785,2007,District of Columbia,"Assault (homicide) by discharge of firearms (*U01.4,X93-X95)",129,574404
787,2007,Florida,"Assault (homicide) by discharge of firearms (*U01.4,X93-X95)",938,18367842
789,2007,Georgia,"Assault (homicide) by discharge of firearms (*U01.4,X93-X95)",557,9349988
792,2007,Idaho,"Assault (homicide) by discharge of firearms (*U01.4,X93-X95)",29,1505105
794,2007,Illinois,"Assault (homicide) by discharge of firearms (*U01.4,X93-X95)",576,12695866
796,2007,Indiana,"Assault (homicide) by discharge of firearms (*U01.4,X93-X95)",253,6379599
798,2007,Iowa,"Assault (homicide) by discharge of firearms (*U01.4,X93-X95)",18,2999212
800,2007,Kansas,"Assault (homicide) by discharge of firearms (*U01.4,X93-X95)",71,2783785
802,2007,Kentucky,"Assault (homicide) by discharge of firearms (*U01.4,X93-X95)",152,4256672
804,2007,Louisiana,"Assault (homicide) by discharge of firearms (*U01.4,X93-X95)",489,4375581
806,2007,Maine,"Assault (homicide) by discharge of firearms (*U01.4,X93-X95)",15,1327040
808,2007,Maryland,"Assault (homicide) by discharge of firearms (*U01.4,X93-X95)",425,5653408
810,2007,Massachusetts,"Assault (homicide) by discharge of firearms (*U01.4,X93-X95)",115,6431559
812,2007,Michigan,"Assault (homicide) by discharge of firearms (*U01.4,X93-X95)",507,10001284
814,2007,Minnesota,"Assault (homicide) by discharge of firearms (*U01.4,X93-X95)",70,5207203
816,2007,Mississippi,"Assault (homicide) by discharge of firearms (*U01.4,X93-X95)",221,2928350
818,2007,Missouri,"Assault (homicide) by discharge of firearms (*U01.4,X93-X95)",265,5887612
820,2007,Montana,"Assault (homicide) by discharge of firearms (*U01.4,X93-X95)",15,964706
822,2007,Nebraska,"Assault (homicide) by discharge of firearms (*U01.4,X93-X95)",43,1783440
824,2007,Nevada,"Assault (homicide) by discharge of firearms (*U01.4,X93-X95)",132,2601072
827,2007,New Jersey,"Assault (homicide) by discharge of firearms (*U01.4,X93-X95)",276,8677885
829,2007,New Mexico,"Assault (homicide) by discharge of firearms (*U01.4,X93-X95)",78,1990070
831,2007,New York,"Assault (homicide) by discharge of firearms (*U01.4,X93-X95)",522,19132335
833,2007,North Carolina,"Assault (homicide) by discharge of firearms (*U01.4,X93-X95)",458,9118037
836,2007,Ohio,"Assault (homicide) by discharge of firearms (*U01.4,X93-X95)",415,11500468
838,2007,Oklahoma,"Assault (homicide) by discharge of firearms (*U01.4,X93-X95)",151,3634349
840,2007,Oregon,"Assault (homicide) by discharge of firearms (*U01.4,X93-X95)",44,3722417
842,2007,Pennsylvania,"Assault (homicide) by discharge of firearms (*U01.4,X93-X95)",554,12563937
844,2007,Rhode Island,"Assault (homicide) by discharge of firearms (*U01.4,X93-X95)",13,1057315
846,2007,South Carolina,"Assault (homicide) by discharge of firearms (*U01.4,X93-X95)",256,4444110
849,2007,Tennessee,"Assault (homicide) by discharge of firearms (*U01.4,X93-X95)",343,6175727
851,2007,Texas,"Assault (homicide) by discharge of firearms (*U01.4,X93-X95)",1031,23831983
853,2007,Utah,"Assault (homicide) by discharge of firearms (*U01.4,X93-X95)",40,2597746
856,2007,Virginia,"Assault (homicide) by discharge of firearms (*U01.4,X93-X95)",308,7751000
858,2007,Washington,"Assault (homicide) by discharge of firearms (*U01.4,X93-X95)",124,6461587
860,2007,West Virginia,"Assault (homicide) by discharge of firearms (*U01.4,X93-X95)",46,1834052
862,2007,Wisconsin,"Assault (homicide) by discharge of firearms (*U01.4,X93-X95)",132,5610775
865,2008,Alabama,"Assault (homicide) by discharge of firearms (*U01.4,X93-X95)",350,4718206
867,2008,Alaska,"Assault (homicide) by discharge of firearms (*U01.4,X93-X95)",15,687455
869,2008,Arizona,"Assault (homicide) by discharge of firearms (*U01.4,X93-X95)",335,6280362
871,2008,Arkansas,"Assault (homicide) by discharge of firearms (*U01.4,X93-X95)",145,2874554
873,2008,California,"Assault (homicide) by discharge of firearms (*U01.4,X93-X95)",1572,36604337
875,2008,Colorado,"Assault (homicide) by discharge of firearms (*U01.4,X93-X95)",109,4889730
877,2008,Connecticut,"Assault (homicide) by discharge of firearms (*U01.4,X93-X95)",87,3545579
879,2008,Delaware,"Assault (homicide) by discharge of firearms (*U01.4,X93-X95)",54,883874
881,2008,District of Columbia,"Assault (homicide) by discharge of firearms (*U01.4,X93-X95)",122,580236
883,2008,Florida,"Assault (homicide) by discharge of firearms (*U01.4,X93-X95)",886,18527305
885,2008,Georgia,"Assault (homicide) by discharge of firearms (*U01.4,X93-X95)",516,9504843
887,2008,Hawaii,"Assault (homicide) by discharge of firearms (*U01.4,X93-X95)",11,1332213
889,2008,Idaho,"Assault (homicide) by discharge of firearms (*U01.4,X93-X95)",13,1534320
891,2008,Illinois,"Assault (homicide) by discharge of firearms (*U01.4,X93-X95)",635,12747038
893,2008,Indiana,"Assault (homicide) by discharge of firearms (*U01.4,X93-X95)",236,6424806
895,2008,Iowa,"Assault (homicide) by discharge of firearms (*U01.4,X93-X95)",34,3016734
897,2008,Kansas,"Assault (homicide) by discharge of firearms (*U01.4,X93-X95)",77,2808076
899,2008,Kentucky,"Assault (homicide) by discharge of firearms (*U01.4,X93-X95)",160,4289878
901,2008,Louisiana,"Assault (homicide) by discharge of firearms (*U01.4,X93-X95)",432,4435586
903,2008,Maine,"Assault (homicide) by discharge of firearms (*U01.4,X93-X95)",12,1330509
905,2008,Maryland,"Assault (homicide) by discharge of firearms (*U01.4,X93-X95)",379,5684965
907,2008,Massachusetts,"Assault (homicide) by discharge of firearms (*U01.4,X93-X95)",98,6468967
909,2008,Michigan,"Assault (homicide) by discharge of firearms (*U01.4,X93-X95)",489,9946889
911,2008,Minnesota,"Assault (homicide) by discharge of firearms (*U01.4,X93-X95)",71,5247018
913,2008,Mississippi,"Assault (homicide) by discharge of firearms (*U01.4,X93-X95)",246,2947806
915,2008,Missouri,"Assault (homicide) by discharge of firearms (*U01.4,X93-X95)",362,5923916
917,2008,Montana,"Assault (homicide) by discharge of firearms (*U01.4,X93-X95)",16,976415
919,2008,Nebraska,"Assault (homicide) by discharge of firearms (*U01.4,X93-X95)",49,1796378
921,2008,Nevada,"Assault (homicide) by discharge of firearms (*U01.4,X93-X95)",100,2653630
924,2008,New Jersey,"Assault (homicide) by discharge of firearms (*U01.4,X93-X95)",245,8711090
926,2008,New Mexico,"Assault (homicide) by discharge of firearms (*U01.4,X93-X95)",86,2010662
928,2008,New York,"Assault (homicide) by discharge of firearms (*U01.4,X93-X95)",509,19212436
930,2008,North Carolina,"Assault (homicide) by discharge of firearms (*U01.4,X93-X95)",468,9309449
933,2008,Ohio,"Assault (homicide) by discharge of firearms (*U01.4,X93-X95)",402,11515391
935,2008,Oklahoma,"Assault (homicide) by discharge of firearms (*U01.4,X93-X95)",147,3668976
937,2008,Oregon,"Assault (homicide) by discharge of firearms (*U01.4,X93-X95)",49,3768748
939,2008,Pennsylvania,"Assault (homicide) by discharge of firearms (*U01.4,X93-X95)",524,12612285
941,2008,Rhode Island,"Assault (homicide) by discharge of firearms (*U01.4,X93-X95)",19,1055003
943,2008,South Carolina,"Assault (homicide) by discharge of firearms (*U01.4,X93-X95)",250,4528996
945,2008,South Dakota,"Assault (homicide) by discharge of firearms (*U01.4,X93-X95)",10,799124
947,2008,Tennessee,"Assault (homicide) by discharge of firearms (*U01.4,X93-X95)",336,6247411
949,2008,Texas,"Assault (homicide) by discharge of firearms (*U01.4,X93-X95)",1007,24309039
951,2008,Utah,"Assault (homicide) by discharge of firearms (*U01.4,X93-X95)",24,2663029
954,2008,Virginia,"Assault (homicide) by discharge of firearms (*U01.4,X93-X95)",251,7833496
956,2008,Washington,"Assault (homicide) by discharge of firearms (*U01.4,X93-X95)",127,6562231
958,2008,West Virginia,"Assault (homicide) by discharge of firearms (*U01.4,X93-X95)",37,1840310
960,2008,Wisconsin,"Assault (homicide) by discharge of firearms (*U01.4,X93-X95)",81,5640996
963,2009,Alabama,"Assault (homicide) by discharge of firearms (*U01.4,X93-X95)",318,4757938
965,2009,Alaska,"Assault (homicide) by discharge of firearms (*U01.4,X93-X95)",17,698895
967,2009,Arizona,"Assault (homicide) by discharge of firearms (*U01.4,X93-X95)",229,6343154
969,2009,Arkansas,"Assault (homicide) by discharge of firearms (*U01.4,X93-X95)",158,2896843
971,2009,California,"Assault (homicide) by discharge of firearms (*U01.4,X93-X95)",1464,36961229
973,2009,Colorado,"Assault (homicide) by discharge of firearms (*U01.4,X93-X95)",108,4972195
975,2009,Connecticut,"Assault (homicide) by discharge of firearms (*U01.4,X93-X95)",78,3561807
977,2009,Delaware,"Assault (homicide) by discharge of firearms (*U01.4,X93-X95)",36,891730
978,2009,District of Columbia,"Assault (homicide) by discharge of firearms (*U01.4,X93-X95)",104,592228
980,2009,Florida,"Assault (homicide) by discharge of firearms (*U01.4,X93-X95)",807,18652644
982,2009,Georgia,"Assault (homicide) by discharge of firearms (*U01.4,X93-X95)",461,9620846
984,2009,Hawaii,"Assault (homicide) by discharge of firearms (*U01.4,X93-X95)",10,1346717
986,2009,Idaho,"Assault (homicide) by discharge of firearms (*U01.4,X93-X95)",10,1554439
988,2009,Illinois,"Assault (homicide) by discharge of firearms (*U01.4,X93-X95)",628,12796778
990,2009,Indiana,"Assault (homicide) by discharge of firearms (*U01.4,X93-X95)",245,6459325
992,2009,Iowa,"Assault (homicide) by discharge of firearms (*U01.4,X93-X95)",19,3032870
994,2009,Kansas,"Assault (homicide) by discharge of firearms (*U01.4,X93-X95)",92,2832704
996,2009,Kentucky,"Assault (homicide) by discharge of firearms (*U01.4,X93-X95)",133,4317074
998,2009,Louisiana,"Assault (homicide) by discharge of firearms (*U01.4,X93-X95)",450,4491648
1000,2009,Maine,"Assault (homicide) by discharge of firearms (*U01.4,X93-X95)",15,1329590
1002,2009,Maryland,"Assault (homicide) by discharge of firearms (*U01.4,X93-X95)",316,5730388
1004,2009,Massachusetts,"Assault (homicide) by discharge of firearms (*U01.4,X93-X95)",110,6517613
1006,2009,Michigan,"Assault (homicide) by discharge of firearms (*U01.4,X93-X95)",496,9901591
1008,2009,Minnesota,"Assault (homicide) by discharge of firearms (*U01.4,X93-X95)",47,5281203
1010,2009,Mississippi,"Assault (homicide) by discharge of firearms (*U01.4,X93-X95)",197,2958774
1012,2009,Missouri,"Assault (homicide) by discharge of firearms (*U01.4,X93-X95)",319,5961088
1014,2009,Montana,"Assault (homicide) by discharge of firearms (*U01.4,X93-X95)",21,983982
1016,2009,Nebraska,"Assault (homicide) by discharge of firearms (*U01.4,X93-X95)",31,1812683
1018,2009,Nevada,"Assault (homicide) by discharge of firearms (*U01.4,X93-X95)",97,2684665
1021,2009,New Jersey,"Assault (homicide) by discharge of firearms (*U01.4,X93-X95)",229,8755602
1023,2009,New Mexico,"Assault (homicide) by discharge of firearms (*U01.4,X93-X95)",93,2036802
1025,2009,New York,"Assault (homicide) by discharge of firearms (*U01.4,X93-X95)",506,19307066
1027,2009,North Carolina,"Assault (homicide) by discharge of firearms (*U01.4,X93-X95)",408,9449566
1030,2009,Ohio,"Assault (homicide) by discharge of firearms (*U01.4,X93-X95)",367,11528896
1032,2009,Oklahoma,"Assault (homicide) by discharge of firearms (*U01.4,X93-X95)",149,3717572
1034,2009,Oregon,"Assault (homicide) by discharge of firearms (*U01.4,X93-X95)",56,3808600
1036,2009,Pennsylvania,"Assault (homicide) by discharge of firearms (*U01.4,X93-X95)",483,12666858
1038,2009,Rhode Island,"Assault (homicide) by discharge of firearms (*U01.4,X93-X95)",14,1053646
1040,2009,South Carolina,"Assault (homicide) by discharge of firearms (*U01.4,X93-X95)",235,4589872
1042,2009,South Dakota,"Assault (homicide) by discharge of firearms (*U01.4,X93-X95)",10,807067
1044,2009,Tennessee,"Assault (homicide) by discharge of firearms (*U01.4,X93-X95)",347,6306019
1046,2009,Texas,"Assault (homicide) by discharge of firearms (*U01.4,X93-X95)",1003,24801761
1048,2009,Utah,"Assault (homicide) by discharge of firearms (*U01.4,X93-X95)",30,2723421
1051,2009,Virginia,"Assault (homicide) by discharge of firearms (*U01.4,X93-X95)",272,7925937
1053,2009,Washington,"Assault (homicide) by discharge of firearms (*U01.4,X93-X95)",118,6667426
1055,2009,West Virginia,"Assault (homicide) by discharge of firearms (*U01.4,X93-X95)",57,1847775
1057,2009,Wisconsin,"Assault (homicide) by discharge of firearms (*U01.4,X93-X95)",103,5669264
1059,2009,Wyoming,"Assault (homicide) by discharge of firearms (*U01.4,X93-X95)",10,559851
1061,2010,Alabama,"Assault (homicide) by discharge of firearms (*U01.4,X93-X95)",283,4779736
1063,2010,Alaska,"Assault (homicide) by discharge of firearms (*U01.4,X93-X95)",30,710231
1065,2010,Arizona,"Assault (homicide) by discharge of firearms (*U01.4,X93-X95)",272,6392017
1067,2010,Arkansas,"Assault (homicide) by discharge of firearms (*U01.4,X93-X95)",133,2915918
1069,2010,California,"Assault (homicide) by discharge of firearms (*U01.4,X93-X95)",1343,37253956
1071,2010,Colorado,"Assault (homicide) by discharge of firearms (*U01.4,X93-X95)",97,5029196
1073,2010,Connecticut,"Assault (homicide) by discharge of firearms (*U01.4,X93-X95)",98,3574097
1075,2010,Delaware,"Assault (homicide) by discharge of firearms (*U01.4,X93-X95)",45,897934
1077,2010,District of Columbia,"Assault (homicide) by discharge of firearms (*U01.4,X93-X95)",84,601723
1079,2010,Florida,"Assault (homicide) by discharge of firearms (*U01.4,X93-X95)",768,18801310
1081,2010,Georgia,"Assault (homicide) by discharge of firearms (*U01.4,X93-X95)",444,9687653
1084,2010,Idaho,"Assault (homicide) by discharge of firearms (*U01.4,X93-X95)",12,1567582
1086,2010,Illinois,"Assault (homicide) by discharge of firearms (*U01.4,X93-X95)",578,12830632
1088,2010,Indiana,"Assault (homicide) by discharge of firearms (*U01.4,X93-X95)",224,6483802
1090,2010,Iowa,"Assault (homicide) by discharge of firearms (*U01.4,X93-X95)",34,3046355
1092,2010,Kansas,"Assault (homicide) by discharge of firearms (*U01.4,X93-X95)",68,2853118
1094,2010,Kentucky,"Assault (homicide) by discharge of firearms (*U01.4,X93-X95)",125,4339367
1096,2010,Louisiana,"Assault (homicide) by discharge of firearms (*U01.4,X93-X95)",432,4533372
1098,2010,Maine,"Assault (homicide) by discharge of firearms (*U01.4,X93-X95)",13,1328361
1100,2010,Maryland,"Assault (homicide) by discharge of firearms (*U01.4,X93-X95)",306,5773552
1102,2010,Massachusetts,"Assault (homicide) by discharge of firearms (*U01.4,X93-X95)",127,6547629
1104,2010,Michigan,"Assault (homicide) by discharge of firearms (*U01.4,X93-X95)",441,9883640
1106,2010,Minnesota,"Assault (homicide) by discharge of firearms (*U01.4,X93-X95)",65,5303925
1108,2010,Mississippi,"Assault (homicide) by discharge of firearms (*U01.4,X93-X95)",206,2967297
1110,2010,Missouri,"Assault (homicide) by discharge of firearms (*U01.4,X93-X95)",335,5988927
1112,2010,Montana,"Assault (homicide) by discharge of firearms (*U01.4,X93-X95)",17,989415
1114,2010,Nebraska,"Assault (homicide) by discharge of firearms (*U01.4,X93-X95)",41,1826341
1116,2010,Nevada,"Assault (homicide) by discharge of firearms (*U01.4,X93-X95)",90,2700551
1119,2010,New Jersey,"Assault (homicide) by discharge of firearms (*U01.4,X93-X95)",260,8791894
1121,2010,New Mexico,"Assault (homicide) by discharge of firearms (*U01.4,X93-X95)",76,2059179
1123,2010,New York,"Assault (homicide) by discharge of firearms (*U01.4,X93-X95)",527,19378102
1125,2010,North Carolina,"Assault (homicide) by discharge of firearms (*U01.4,X93-X95)",376,9535483
1128,2010,Ohio,"Assault (homicide) by discharge of firearms (*U01.4,X93-X95)",396,11536504
1130,2010,Oklahoma,"Assault (homicide) by discharge of firearms (*U01.4,X93-X95)",132,3751351
1132,2010,Oregon,"Assault (homicide) by discharge of firearms (*U01.4,X93-X95)",60,3831074
1134,2010,Pennsylvania,"Assault (homicide) by discharge of firearms (*U01.4,X93-X95)",501,12702379
1136,2010,Rhode Island,"Assault (homicide) by discharge of firearms (*U01.4,X93-X95)",17,1052567
1138,2010,South Carolina,"Assault (homicide) by discharge of firearms (*U01.4,X93-X95)",229,4625364
1141,2010,Tennessee,"Assault (homicide) by discharge of firearms (*U01.4,X93-X95)",293,6346105
1143,2010,Texas,"Assault (homicide) by discharge of firearms (*U01.4,X93-X95)",913,25145561
1145,2010,Utah,"Assault (homicide) by discharge of firearms (*U01.4,X93-X95)",27,2763885
1148,2010,Virginia,"Assault (homicide) by discharge of firearms (*U01.4,X93-X95)",271,8001024
1150,2010,Washington,"Assault (homicide) by discharge of firearms (*U01.4,X93-X95)",114,6724540
1152,2010,West Virginia,"Assault (homicide) by discharge of firearms (*U01.4,X93-X95)",47,1852994
1154,2010,Wisconsin,"Assault (homicide) by discharge of firearms (*U01.4,X93-X95)",106,5686986
1157,2011,Alabama,"Assault (homicide) by discharge of firearms (*U01.4,X93-X95)",293,4802740
1159,2011,Alaska,"Assault (homicide) by discharge of firearms (*U01.4,X93-X95)",19,722718
1161,2011,Arizona,"Assault (homicide) by discharge of firearms (*U01.4,X93-X95)",260,6482505
1163,2011,Arkansas,"Assault (homicide) by discharge of firearms (*U01.4,X93-X95)",145,2937979
1165,2011,California,"Assault (homicide) by discharge of firearms (*U01.4,X93-X95)",1315,37691912
1167,2011,Colorado,"Assault (homicide) by discharge of firearms (*U01.4,X93-X95)",101,5116796
1169,2011,Connecticut,"Assault (homicide) by discharge of firearms (*U01.4,X93-X95)",96,3580709
1171,2011,Delaware,"Assault (homicide) by discharge of firearms (*U01.4,X93-X95)",31,907135
1172,2011,District of Columbia,"Assault (homicide) by discharge of firearms (*U01.4,X93-X95)",77,617996
1174,2011,Florida,"Assault (homicide) by discharge of firearms (*U01.4,X93-X95)",819,19057542
1176,2011,Georgia,"Assault (homicide) by discharge of firearms (*U01.4,X93-X95)",440,9815210
1179,2011,Idaho,"Assault (homicide) by discharge of firearms (*U01.4,X93-X95)",16,1584985
1181,2011,Illinois,"Assault (homicide) by discharge of firearms (*U01.4,X93-X95)",610,12869257
1183,2011,Indiana,"Assault (homicide) by discharge of firearms (*U01.4,X93-X95)",202,6516922
1185,2011,Iowa,"Assault (homicide) by discharge of firearms (*U01.4,X93-X95)",31,3062309
1187,2011,Kansas,"Assault (homicide) by discharge of firearms (*U01.4,X93-X95)",81,2871238
1189,2011,Kentucky,"Assault (homicide) by discharge of firearms (*U01.4,X93-X95)",133,4369356
1191,2011,Louisiana,"Assault (homicide) by discharge of firearms (*U01.4,X93-X95)",432,4574836
1193,2011,Maine,"Assault (homicide) by discharge of firearms (*U01.4,X93-X95)",15,1328188
1195,2011,Maryland,"Assault (homicide) by discharge of firearms (*U01.4,X93-X95)",276,5828289
1197,2011,Massachusetts,"Assault (homicide) by discharge of firearms (*U01.4,X93-X95)",128,6587536
1199,2011,Michigan,"Assault (homicide) by discharge of firearms (*U01.4,X93-X95)",511,9876187
1201,2011,Minnesota,"Assault (homicide) by discharge of firearms (*U01.4,X93-X95)",59,5344861
1203,2011,Mississippi,"Assault (homicide) by discharge of firearms (*U01.4,X93-X95)",221,2978512
1205,2011,Missouri,"Assault (homicide) by discharge of firearms (*U01.4,X93-X95)",304,6010688
1207,2011,Montana,"Assault (homicide) by discharge of firearms (*U01.4,X93-X95)",11,998199
1209,2011,Nebraska,"Assault (homicide) by discharge of firearms (*U01.4,X93-X95)",41,1842641
1211,2011,Nevada,"Assault (homicide) by discharge of firearms (*U01.4,X93-X95)",84,2723322
1213,2011,New Hampshire,"Assault (homicide) by discharge of firearms (*U01.4,X93-X95)",10,1318194
1215,2011,New Jersey,"Assault (homicide) by discharge of firearms (*U01.4,X93-X95)",289,8821155
1217,2011,New Mexico,"Assault (homicide) by discharge of firearms (*U01.4,X93-X95)",73,2082224
1219,2011,New York,"Assault (homicide) by discharge of firearms (*U01.4,X93-X95)",466,19465197
1221,2011,North Carolina,"Assault (homicide) by discharge of firearms (*U01.4,X93-X95)",380,9656401
1224,2011,Ohio,"Assault (homicide) by discharge of firearms (*U01.4,X93-X95)",456,11544951
1226,2011,Oklahoma,"Assault (homicide) by discharge of firearms (*U01.4,X93-X95)",166,3791508
1228,2011,Oregon,"Assault (homicide) by discharge of firearms (*U01.4,X93-X95)",63,3871859
1230,2011,Pennsylvania,"Assault (homicide) by discharge of firearms (*U01.4,X93-X95)",513,12742886
1232,2011,Rhode Island,"Assault (homicide) by discharge of firearms (*U01.4,X93-X95)",12,1051302
1234,2011,South Carolina,"Assault (homicide) by discharge of firearms (*U01.4,X93-X95)",253,4679230
1237,2011,Tennessee,"Assault (homicide) by discharge of firearms (*U01.4,X93-X95)",309,6403353
1239,2011,Texas,"Assault (homicide) by discharge of firearms (*U01.4,X93-X95)",813,25674681
1241,2011,Utah,"Assault (homicide) by discharge of firearms (*U01.4,X93-X95)",28,2817222
1244,2011,Virginia,"Assault (homicide) by discharge of firearms (*U01.4,X93-X95)",231,8096604
1246,2011,Washington,"Assault (homicide) by discharge of firearms (*U01.4,X93-X95)",88,6830038
1248,2011,West Virginia,"Assault (homicide) by discharge of firearms (*U01.4,X93-X95)",61,1855364
1250,2011,Wisconsin,"Assault (homicide) by discharge of firearms (*U01.4,X93-X95)",86,5711767
1252,2011,Wyoming,"Assault (homicide) by discharge of firearms (*U01.4,X93-X95)",12,568158
1254,2012,Alabama,"Assault (homicide) by discharge of firearms (*U01.4,X93-X95)",308,4822023
1256,2012,Alaska,"Assault (homicide) by discharge of firearms (*U01.4,X93-X95)",17,731449
1258,2012,Arizona,"Assault (homicide) by discharge of firearms (*U01.4,X93-X95)",255,6553255
1260,2012,Arkansas,"Assault (homicide) by discharge of firearms (*U01.4,X93-X95)",166,2949131
1262,2012,California,"Assault (homicide) by discharge of firearms (*U01.4,X93-X95)",1365,38041430
1264,2012,Colorado,"Assault (homicide) by discharge of firearms (*U01.4,X93-X95)",116,5187582
1266,2012,Connecticut,"Assault (homicide) by discharge of firearms (*U01.4,X93-X95)",114,3590347
1268,2012,Delaware,"Assault (homicide) by discharge of firearms (*U01.4,X93-X95)",46,917092
1270,2012,District of Columbia,"Assault (homicide) by discharge of firearms (*U01.4,X93-X95)",55,632323
1272,2012,Florida,"Assault (homicide) by discharge of firearms (*U01.4,X93-X95)",863,19317568
1274,2012,Georgia,"Assault (homicide) by discharge of firearms (*U01.4,X93-X95)",481,9919945
1277,2012,Idaho,"Assault (homicide) by discharge of firearms (*U01.4,X93-X95)",18,1595728
1279,2012,Illinois,"Assault (homicide) by discharge of firearms (*U01.4,X93-X95)",647,12875255
1281,2012,Indiana,"Assault (homicide) by discharge of firearms (*U01.4,X93-X95)",251,6537334
1283,2012,Iowa,"Assault (homicide) by discharge of firearms (*U01.4,X93-X95)",33,3074186
1285,2012,Kansas,"Assault (homicide) by discharge of firearms (*U01.4,X93-X95)",68,2885905
1287,2012,Kentucky,"Assault (homicide) by discharge of firearms (*U01.4,X93-X95)",159,4380415
1289,2012,Louisiana,"Assault (homicide) by discharge of firearms (*U01.4,X93-X95)",428,4601893
1291,2012,Maine,"Assault (homicide) by discharge of firearms (*U01.4,X93-X95)",15,1329192
1293,2012,Maryland,"Assault (homicide) by discharge of firearms (*U01.4,X93-X95)",294,5884563
1295,2012,Massachusetts,"Assault (homicide) by discharge of firearms (*U01.4,X93-X95)",74,6646144
1297,2012,Michigan,"Assault (homicide) by discharge of firearms (*U01.4,X93-X95)",579,9883360
1299,2012,Minnesota,"Assault (homicide) by discharge of firearms (*U01.4,X93-X95)",61,5379139
1301,2012,Mississippi,"Assault (homicide) by discharge of firearms (*U01.4,X93-X95)",216,2984926
1303,2012,Missouri,"Assault (homicide) by discharge of firearms (*U01.4,X93-X95)",313,6021988
1305,2012,Montana,"Assault (homicide) by discharge of firearms (*U01.4,X93-X95)",10,1005141
1307,2012,Nebraska,"Assault (homicide) by discharge of firearms (*U01.4,X93-X95)",46,1855525
1309,2012,Nevada,"Assault (homicide) by discharge of firearms (*U01.4,X93-X95)",77,2758931
1311,2012,New Hampshire,"Assault (homicide) by discharge of firearms (*U01.4,X93-X95)",13,1320718
1313,2012,New Jersey,"Assault (homicide) by discharge of firearms (*U01.4,X93-X95)",277,8864590
1315,2012,New Mexico,"Assault (homicide) by discharge of firearms (*U01.4,X93-X95)",80,2085538
1317,2012,New York,"Assault (homicide) by discharge of firearms (*U01.4,X93-X95)",437,19570261
1319,2012,North Carolina,"Assault (homicide) by discharge of firearms (*U01.4,X93-X95)",422,9752073
1322,2012,Ohio,"Assault (homicide) by discharge of firearms (*U01.4,X93-X95)",438,11544225
1324,2012,Oklahoma,"Assault (homicide) by discharge of firearms (*U01.4,X93-X95)",188,3814820
1326,2012,Oregon,"Assault (homicide) by discharge of firearms (*U01.4,X93-X95)",53,3899353
1328,2012,Pennsylvania,"Assault (homicide) by discharge of firearms (*U01.4,X93-X95)",547,12763536
1330,2012,Rhode Island,"Assault (homicide) by discharge of firearms (*U01.4,X93-X95)",15,1050292
1332,2012,South Carolina,"Assault (homicide) by discharge of firearms (*U01.4,X93-X95)",273,4723723
1335,2012,Tennessee,"Assault (homicide) by discharge of firearms (*U01.4,X93-X95)",329,6456243
1337,2012,Texas,"Assault (homicide) by discharge of firearms (*U01.4,X93-X95)",895,26059203
1339,2012,Utah,"Assault (homicide) by discharge of firearms (*U01.4,X93-X95)",28,2855287
1342,2012,Virginia,"Assault (homicide) by discharge of firearms (*U01.4,X93-X95)",224,8185867
1344,2012,Washington,"Assault (homicide) by discharge of firearms (*U01.4,X93-X95)",127,6897012
1346,2012,West Virginia,"Assault (homicide) by discharge of firearms (*U01.4,X93-X95)",66,1855413
1348,2012,Wisconsin,"Assault (homicide) by discharge of firearms (*U01.4,X93-X95)",126,5726398
1351,2013,Alabama,"Assault (homicide) by discharge of firearms (*U01.4,X93-X95)",318,4833722
1353,2013,Alaska,"Assault (homicide) by discharge of firearms (*U01.4,X93-X95)",19,735132
1355,2013,Arizona,"Assault (homicide) by discharge of firearms (*U01.4,X93-X95)",251,6626624
1357,2013,Arkansas,"Assault (homicide) by discharge of firearms (*U01.4,X93-X95)",152,2959373
1359,2013,California,"Assault (homicide) by discharge of firearms (*U01.4,X93-X95)",1316,38332521
1361,2013,Colorado,"Assault (homicide) by discharge of firearms (*U01.4,X93-X95)",106,5268367
1363,2013,Connecticut,"Assault (homicide) by discharge of firearms (*U01.4,X93-X95)",66,3596080
1365,2013,Delaware,"Assault (homicide) by discharge of firearms (*U01.4,X93-X95)",38,925749
1366,2013,District of Columbia,"Assault (homicide) by discharge of firearms (*U01.4,X93-X95)",61,646449
1368,2013,Florida,"Assault (homicide) by discharge of firearms (*U01.4,X93-X95)",819,19552860
1370,2013,Georgia,"Assault (homicide) by discharge of firearms (*U01.4,X93-X95)",473,9992167
1373,2013,Idaho,"Assault (homicide) by discharge of firearms (*U01.4,X93-X95)",15,1612136
1375,2013,Illinois,"Assault (homicide) by discharge of firearms (*U01.4,X93-X95)",577,12882135
1377,2013,Indiana,"Assault (homicide) by discharge of firearms (*U01.4,X93-X95)",299,6570902
1379,2013,Iowa,"Assault (homicide) by discharge of firearms (*U01.4,X93-X95)",24,3090416
1381,2013,Kansas,"Assault (homicide) by discharge of firearms (*U01.4,X93-X95)",79,2893957
1383,2013,Kentucky,"Assault (homicide) by discharge of firearms (*U01.4,X93-X95)",139,4395295
1385,2013,Louisiana,"Assault (homicide) by discharge of firearms (*U01.4,X93-X95)",447,4625470
1387,2013,Maine,"Assault (homicide) by discharge of firearms (*U01.4,X93-X95)",13,1328302
1389,2013,Maryland,"Assault (homicide) by discharge of firearms (*U01.4,X93-X95)",301,5928814
1391,2013,Massachusetts,"Assault (homicide) by discharge of firearms (*U01.4,X93-X95)",84,6692824
1393,2013,Michigan,"Assault (homicide) by discharge of firearms (*U01.4,X93-X95)",494,9895622
1395,2013,Minnesota,"Assault (homicide) by discharge of firearms (*U01.4,X93-X95)",76,5420380
1397,2013,Mississippi,"Assault (homicide) by discharge of firearms (*U01.4,X93-X95)",215,2991207
1399,2013,Missouri,"Assault (homicide) by discharge of firearms (*U01.4,X93-X95)",293,6044171
1401,2013,Montana,"Assault (homicide) by discharge of firearms (*U01.4,X93-X95)",14,1015165
1403,2013,Nebraska,"Assault (homicide) by discharge of firearms (*U01.4,X93-X95)",51,1868516
1405,2013,Nevada,"Assault (homicide) by discharge of firearms (*U01.4,X93-X95)",88,2790136
1408,2013,New Jersey,"Assault (homicide) by discharge of firearms (*U01.4,X93-X95)",298,8899339
1410,2013,New Mexico,"Assault (homicide) by discharge of firearms (*U01.4,X93-X95)",82,2085287
1412,2013,New York,"Assault (homicide) by discharge of firearms (*U01.4,X93-X95)",381,19651127
1414,2013,North Carolina,"Assault (homicide) by discharge of firearms (*U01.4,X93-X95)",412,9848060
1417,2013,Ohio,"Assault (homicide) by discharge of firearms (*U01.4,X93-X95)",448,11570808
1419,2013,Oklahoma,"Assault (homicide) by discharge of firearms (*U01.4,X93-X95)",178,3850568
1421,2013,Oregon,"Assault (homicide) by discharge of firearms (*U01.4,X93-X95)",55,3930065
1423,2013,Pennsylvania,"Assault (homicide) by discharge of firearms (*U01.4,X93-X95)",486,12773801
1425,2013,Rhode Island,"Assault (homicide) by discharge of firearms (*U01.4,X93-X95)",18,1051511
1427,2013,South Carolina,"Assault (homicide) by discharge of firearms (*U01.4,X93-X95)",244,4774839
1430,2013,Tennessee,"Assault (homicide) by discharge of firearms (*U01.4,X93-X95)",311,6495978
1432,2013,Texas,"Assault (homicide) by discharge of firearms (*U01.4,X93-X95)",913,26448193
1434,2013,Utah,"Assault (homicide) by discharge of firearms (*U01.4,X93-X95)",33,2900872
1437,2013,Virginia,"Assault (homicide) by discharge of firearms (*U01.4,X93-X95)",233,8260405
1439,2013,Washington,"Assault (homicide) by discharge of firearms (*U01.4,X93-X95)",117,6971406
1441,2013,West Virginia,"Assault (homicide) by discharge of firearms (*U01.4,X93-X95)",43,1854304
1443,2013,Wisconsin,"Assault (homicide) by discharge of firearms (*U01.4,X93-X95)",115,5742713
1446,2014,Alabama,"Assault (homicide) by discharge of firearms (*U01.4,X93-X95)",293,4849377
1448,2014,Alaska,"Assault (homicide) by discharge of firearms (*U01.4,X93-X95)",21,736732
1450,2014,Arizona,"Assault (homicide) by discharge of firearms (*U01.4,X93-X95)",212,6731484
1452,2014,Arkansas,"Assault (homicide) by discharge of firearms (*U01.4,X93-X95)",161,2966369
1454,2014,California,"Assault (homicide) by discharge of firearms (*U01.4,X93-X95)",1235,38802500
1456,2014,Colorado,"Assault (homicide) by discharge of firearms (*U01.4,X93-X95)",102,5355866
1458,2014,Connecticut,"Assault (homicide) by discharge of firearms (*U01.4,X93-X95)",58,3596677
1460,2014,Delaware,"Assault (homicide) by discharge of firearms (*U01.4,X93-X95)",38,935614
1462,2014,District of Columbia,"Assault (homicide) by discharge of firearms (*U01.4,X93-X95)",67,658893
1464,2014,Florida,"Assault (homicide) by discharge of firearms (*U01.4,X93-X95)",822,19893297
1466,2014,Georgia,"Assault (homicide) by discharge of firearms (*U01.4,X93-X95)",508,10097343
1469,2014,Idaho,"Assault (homicide) by discharge of firearms (*U01.4,X93-X95)",21,1634464
1471,2014,Illinois,"Assault (homicide) by discharge of firearms (*U01.4,X93-X95)",614,12880580
1473,2014,Indiana,"Assault (homicide) by discharge of firearms (*U01.4,X93-X95)",260,6596855
1475,2014,Iowa,"Assault (homicide) by discharge of firearms (*U01.4,X93-X95)",36,3107126
1477,2014,Kansas,"Assault (homicide) by discharge of firearms (*U01.4,X93-X95)",73,2904021
1479,2014,Kentucky,"Assault (homicide) by discharge of firearms (*U01.4,X93-X95)",138,4413457
1481,2014,Louisiana,"Assault (homicide) by discharge of firearms (*U01.4,X93-X95)",421,4649676
1483,2014,Maine,"Assault (homicide) by discharge of firearms (*U01.4,X93-X95)",10,1330089
1485,2014,Maryland,"Assault (homicide) by discharge of firearms (*U01.4,X93-X95)",249,5976407
1487,2014,Massachusetts,"Assault (homicide) by discharge of firearms (*U01.4,X93-X95)",91,6745408
1489,2014,Michigan,"Assault (homicide) by discharge of firearms (*U01.4,X93-X95)",411,9909877
1491,2014,Minnesota,"Assault (homicide) by discharge of firearms (*U01.4,X93-X95)",59,5457173
1493,2014,Mississippi,"Assault (homicide) by discharge of firearms (*U01.4,X93-X95)",259,2994079
1495,2014,Missouri,"Assault (homicide) by discharge of firearms (*U01.4,X93-X95)",328,6063589
1497,2014,Montana,"Assault (homicide) by discharge of firearms (*U01.4,X93-X95)",14,1023579
1499,2014,Nebraska,"Assault (homicide) by discharge of firearms (*U01.4,X93-X95)",39,1881503
1501,2014,Nevada,"Assault (homicide) by discharge of firearms (*U01.4,X93-X95)",106,2839099
1504,2014,New Jersey,"Assault (homicide) by discharge of firearms (*U01.4,X93-X95)",265,8938175
1506,2014,New Mexico,"Assault (homicide) by discharge of firearms (*U01.4,X93-X95)",76,2085572
1508,2014,New York,"Assault (homicide) by discharge of firearms (*U01.4,X93-X95)",372,19746227
1510,2014,North Carolina,"Assault (homicide) by discharge of firearms (*U01.4,X93-X95)",391,9943964
1513,2014,Ohio,"Assault (homicide) by discharge of firearms (*U01.4,X93-X95)",422,11594163
1515,2014,Oklahoma,"Assault (homicide) by discharge of firearms (*U01.4,X93-X95)",157,3878051
1517,2014,Oregon,"Assault (homicide) by discharge of firearms (*U01.4,X93-X95)",53,3970239
1519,2014,Pennsylvania,"Assault (homicide) by discharge of firearms (*U01.4,X93-X95)",467,12787209
1521,2014,Rhode Island,"Assault (homicide) by discharge of firearms (*U01.4,X93-X95)",13,1055173
1523,2014,South Carolina,"Assault (homicide) by discharge of firearms (*U01.4,X93-X95)",267,4832482
1526,2014,Tennessee,"Assault (homicide) by discharge of firearms (*U01.4,X93-X95)",315,6549352
1528,2014,Texas,"Assault (homicide) by discharge of firearms (*U01.4,X93-X95)",965,26956958
1530,2014,Utah,"Assault (homicide) by discharge of firearms (*U01.4,X93-X95)",36,2942902
1533,2014,Virginia,"Assault (homicide) by discharge of firearms (*U01.4,X93-X95)",235,8326289
1535,2014,Washington,"Assault (homicide) by discharge of firearms (*U01.4,X93-X95)",120,7061530
1537,2014,West Virginia,"Assault (homicide) by discharge of firearms (*U01.4,X93-X95)",58,1850326
1539,2014,Wisconsin,"Assault (homicide) by discharge of firearms (*U01.4,X93-X95)",121,5757564
1542,2015,Alabama,"Assault (homicide) by discharge of firearms (*U01.4,X93-X95)",392,4858979
1544,2015,Alaska,"Assault (homicide) by discharge of firearms (*U01.4,X93-X95)",42,738432
1546,2015,Arizona,"Assault (homicide) by discharge of firearms (*U01.4,X93-X95)",236,6828065
1548,2015,Arkansas,"Assault (homicide) by discharge of firearms (*U01.4,X93-X95)",156,2978204
1550,2015,California,"Assault (homicide) by discharge of firearms (*U01.4,X93-X95)",1397,39144818
1552,2015,Colorado,"Assault (homicide) by discharge of firearms (*U01.4,X93-X95)",137,5456574
1554,2015,Connecticut,"Assault (homicide) by discharge of firearms (*U01.4,X93-X95)",80,3590886
1556,2015,Delaware,"Assault (homicide) by discharge of firearms (*U01.4,X93-X95)",53,945934
1558,2015,District of Columbia,"Assault (homicide) by discharge of firearms (*U01.4,X93-X95)",105,672228
1560,2015,Florida,"Assault (homicide) by discharge of firearms (*U01.4,X93-X95)",883,20271272
1562,2015,Georgia,"Assault (homicide) by discharge of firearms (*U01.4,X93-X95)",588,10214860
1565,2015,Idaho,"Assault (homicide) by discharge of firearms (*U01.4,X93-X95)",24,1654930
1567,2015,Illinois,"Assault (homicide) by discharge of firearms (*U01.4,X93-X95)",693,12859995
1569,2015,Indiana,"Assault (homicide) by discharge of firearms (*U01.4,X93-X95)",295,6619680
1571,2015,Iowa,"Assault (homicide) by discharge of firearms (*U01.4,X93-X95)",47,3123899
1573,2015,Kansas,"Assault (homicide) by discharge of firearms (*U01.4,X93-X95)",95,2911641
1575,2015,Kentucky,"Assault (homicide) by discharge of firearms (*U01.4,X93-X95)",174,4425092
1577,2015,Louisiana,"Assault (homicide) by discharge of firearms (*U01.4,X93-X95)",456,4670724
1579,2015,Maine,"Assault (homicide) by discharge of firearms (*U01.4,X93-X95)",14,1329328
1581,2015,Maryland,"Assault (homicide) by discharge of firearms (*U01.4,X93-X95)",445,6006401
1583,2015,Massachusetts,"Assault (homicide) by discharge of firearms (*U01.4,X93-X95)",86,6794422
1585,2015,Michigan,"Assault (homicide) by discharge of firearms (*U01.4,X93-X95)",436,9922576
1587,2015,Minnesota,"Assault (homicide) by discharge of firearms (*U01.4,X93-X95)",92,5489594
1589,2015,Mississippi,"Assault (homicide) by discharge of firearms (*U01.4,X93-X95)",265,2992333
1591,2015,Missouri,"Assault (homicide) by discharge of firearms (*U01.4,X93-X95)",461,6083672
1593,2015,Montana,"Assault (homicide) by discharge of firearms (*U01.4,X93-X95)",21,1032949
1595,2015,Nebraska,"Assault (homicide) by discharge of firearms (*U01.4,X93-X95)",50,1896190
1597,2015,Nevada,"Assault (homicide) by discharge of firearms (*U01.4,X93-X95)",130,2890845
1599,2015,New Hampshire,"Assault (homicide) by discharge of firearms (*U01.4,X93-X95)",12,1330608
1601,2015,New Jersey,"Assault (homicide) by discharge of firearms (*U01.4,X93-X95)",274,8958013
1603,2015,New Mexico,"Assault (homicide) by discharge of firearms (*U01.4,X93-X95)",91,2085109
1605,2015,New York,"Assault (homicide) by discharge of firearms (*U01.4,X93-X95)",409,19795791
1607,2015,North Carolina,"Assault (homicide) by discharge of firearms (*U01.4,X93-X95)",439,10042802
1609,2015,North Dakota,"Assault (homicide) by discharge of firearms (*U01.4,X93-X95)",11,756927
1611,2015,Ohio,"Assault (homicide) by discharge of firearms (*U01.4,X93-X95)",485,11613423
1613,2015,Oklahoma,"Assault (homicide) by discharge of firearms (*U01.4,X93-X95)",221,3911338
1615,2015,Oregon,"Assault (homicide) by discharge of firearms (*U01.4,X93-X95)",94,4028977
1617,2015,Pennsylvania,"Assault (homicide) by discharge of firearms (*U01.4,X93-X95)",522,12802503
1619,2015,Rhode Island,"Assault (homicide) by discharge of firearms (*U01.4,X93-X95)",10,1056298
1621,2015,South Carolina,"Assault (homicide) by discharge of firearms (*U01.4,X93-X95)",361,4896146
1623,2015,South Dakota,"Assault (homicide) by discharge of firearms (*U01.4,X93-X95)",15,858469
1625,2015,Tennessee,"Assault (homicide) by discharge of firearms (*U01.4,X93-X95)",363,6600299
1627,2015,Texas,"Assault (homicide) by discharge of firearms (*U01.4,X93-X95)",1112,27469114
1629,2015,Utah,"Assault (homicide) by discharge of firearms (*U01.4,X93-X95)",41,2995919
1631,2015,Vermont,"Assault (homicide) by discharge of firearms (*U01.4,X93-X95)",11,626042
1633,2015,Virginia,"Assault (homicide) by discharge of firearms (*U01.4,X93-X95)",277,8382993
1635,2015,Washington,"Assault (homicide) by discharge of firearms (*U01.4,X93-X95)",162,7170351
1637,2015,West Virginia,"Assault (homicide) by discharge of firearms (*U01.4,X93-X95)",50,1844128
1639,2015,Wisconsin,"Assault (homicide) by discharge of firearms (*U01.4,X93-X95)",175,5771337
1641,2015,Wyoming,"Assault (homicide) by discharge of firearms (*U01.4,X93-X95)",13,586107
1643,2016,Alabama,"Assault (homicide) by discharge of firearms (*U01.4,X93-X95)",454,4863300
1645,2016,Alaska,"Assault (homicide) by discharge of firearms (*U01.4,X93-X95)",45,741894
1647,2016,Arizona,"Assault (homicide) by discharge of firearms (*U01.4,X93-X95)",304,6931071
1649,2016,Arkansas,"Assault (homicide) by discharge of firearms (*U01.4,X93-X95)",182,2988248
1651,2016,California,"Assault (homicide) by discharge of firearms (*U01.4,X93-X95)",1471,39250017
1653,2016,Colorado,"Assault (homicide) by discharge of firearms (*U01.4,X93-X95)",161,5540545
1655,2016,Connecticut,"Assault (homicide) by discharge of firearms (*U01.4,X93-X95)",55,3576452
1657,2016,Delaware,"Assault (homicide) by discharge of firearms (*U01.4,X93-X95)",44,952065
1658,2016,District of Columbia,"Assault (homicide) by discharge of firearms (*U01.4,X93-X95)",98,681170
1660,2016,Florida,"Assault (homicide) by discharge of firearms (*U01.4,X93-X95)",994,20612439
1662,2016,Georgia,"Assault (homicide) by discharge of firearms (*U01.4,X93-X95)",653,10310371
1664,2016,Hawaii,"Assault (homicide) by discharge of firearms (*U01.4,X93-X95)",23,1428557
1666,2016,Idaho,"Assault (homicide) by discharge of firearms (*U01.4,X93-X95)",15,1683140
1668,2016,Illinois,"Assault (homicide) by discharge of firearms (*U01.4,X93-X95)",947,12801539
1670,2016,Indiana,"Assault (homicide) by discharge of firearms (*U01.4,X93-X95)",368,6633053
1672,2016,Iowa,"Assault (homicide) by discharge of firearms (*U01.4,X93-X95)",50,3134693
1674,2016,Kansas,"Assault (homicide) by discharge of firearms (*U01.4,X93-X95)",113,2907289
1676,2016,Kentucky,"Assault (homicide) by discharge of firearms (*U01.4,X93-X95)",234,4436974
1678,2016,Louisiana,"Assault (homicide) by discharge of firearms (*U01.4,X93-X95)",526,4681666
1681,2016,Maryland,"Assault (homicide) by discharge of firearms (*U01.4,X93-X95)",436,6016447
1683,2016,Massachusetts,"Assault (homicide) by discharge of firearms (*U01.4,X93-X95)",89,6811779
1685,2016,Michigan,"Assault (homicide) by discharge of firearms (*U01.4,X93-X95)",482,9928300
1687,2016,Minnesota,"Assault (homicide) by discharge of firearms (*U01.4,X93-X95)",83,5519952
1689,2016,Mississippi,"Assault (homicide) by discharge of firearms (*U01.4,X93-X95)",282,2988726
1691,2016,Missouri,"Assault (homicide) by discharge of firearms (*U01.4,X93-X95)",464,6093000
1693,2016,Montana,"Assault (homicide) by discharge of firearms (*U01.4,X93-X95)",18,1042520
1695,2016,Nebraska,"Assault (homicide) by discharge of firearms (*U01.4,X93-X95)",45,1907116
1697,2016,Nevada,"Assault (homicide) by discharge of firearms (*U01.4,X93-X95)",149,2940058
1700,2016,New Jersey,"Assault (homicide) by discharge of firearms (*U01.4,X93-X95)",297,8944469
1702,2016,New Mexico,"Assault (homicide) by discharge of firearms (*U01.4,X93-X95)",113,2081015
1704,2016,New York,"Assault (homicide) by discharge of firearms (*U01.4,X93-X95)",390,19745289
1706,2016,North Carolina,"Assault (homicide) by discharge of firearms (*U01.4,X93-X95)",558,10146788
1708,2016,North Dakota,"Assault (homicide) by discharge of firearms (*U01.4,X93-X95)",10,757952
1710,2016,Ohio,"Assault (homicide) by discharge of firearms (*U01.4,X93-X95)",557,11614373
1712,2016,Oklahoma,"Assault (homicide) by discharge of firearms (*U01.4,X93-X95)",239,3923561
1714,2016,Oregon,"Assault (homicide) by discharge of firearms (*U01.4,X93-X95)",78,4093465
1716,2016,Pennsylvania,"Assault (homicide) by discharge of firearms (*U01.4,X93-X95)",538,12784227
1718,2016,Rhode Island,"Assault (homicide) by discharge of firearms (*U01.4,X93-X95)",13,1056426
1720,2016,South Carolina,"Assault (homicide) by discharge of firearms (*U01.4,X93-X95)",335,4961119
1722,2016,South Dakota,"Assault (homicide) by discharge of firearms (*U01.4,X93-X95)",14,865454
1724,2016,Tennessee,"Assault (homicide) by discharge of firearms (*U01.4,X93-X95)",437,6651194
1726,2016,Texas,"Assault (homicide) by discharge of firearms (*U01.4,X93-X95)",1223,27862596
1728,2016,Utah,"Assault (homicide) by discharge of firearms (*U01.4,X93-X95)",48,3051217
1731,2016,Virginia,"Assault (homicide) by discharge of firearms (*U01.4,X93-X95)",353,8411808
1733,2016,Washington,"Assault (homicide) by discharge of firearms (*U01.4,X93-X95)",147,7288000
1735,2016,West Virginia,"Assault (homicide) by discharge of firearms (*U01.4,X93-X95)",78,1831102
1737,2016,Wisconsin,"Assault (homicide) by discharge of firearms (*U01.4,X93-X95)",188,5778708
1739,2016,Wyoming,"Assault (homicide) by discharge of firearms (*U01.4,X93-X95)",11,585501