,Year,State,Death_Cause_List,Deaths,Population
0,1999,Alabama,Intentional self-harm (suicide) by discharge of firearms (X72-X74),436,4430141
2,1999,Alaska,Intentional self-harm (suicide) by discharge of firearms (X72-X74),55,624779
4,1999,Arizona,Intentional self-harm (suicide) by discharge of firearms (X72-X74),477,5023823
6,1999,Arkansas,Intentional self-harm (suicide) by discharge of firearms (X72-X74),236,2651860
8,1999,California,Intentional self-harm (suicide) by discharge of firearms (X72-X74),1534,33499204
10,1999,Colorado,Intentional self-harm (suicide) by discharge of firearms (X72-X74),316,4226018
12,1999,Connecticut,Intentional self-harm (suicide) by discharge of firearms (X72-X74),111,3386401
14,1999,Delaware,Intentional self-harm (suicide) by discharge of firearms (X72-X74),44,774990
16,1999,District of Columbia,Intentional self-harm (suicide) by discharge of firearms (X72-X74),13,570213
18,1999,Florida,Intentional self-harm (suicide) by discharge of firearms (X72-X74),1138,15759421
20,1999,Georgia,Intentional self-harm (suicide) by discharge of firearms (X72-X74),630,8045965
22,1999,Hawaii,Intentional self-harm (suicide) by discharge of firearms (X72-X74),24,1210300
24,1999,Idaho,Intentional self-harm (suicide) by discharge of firearms (X72-X74),127,1275674
26,1999,Illinois,Intentional self-harm (suicide) by discharge of firearms (X72-X74),481,12359020
28,1999,Indiana,Intentional self-harm (suicide) by discharge of firearms (X72-X74),372,6044969
30,1999,Iowa,Intentional self-harm (suicide) by discharge of firearms (X72-X74),169,2917634
32,1999,Kansas,Intentional self-harm (suicide) by discharge of firearms (X72-X74),169,2678338
34,1999,Kentucky,Intentional self-harm (suicide) by discharge of firearms (X72-X74),337,4018053
36,1999,Louisiana,Intentional self-harm (suicide) by discharge of firearms (X72-X74),389,4460811
38,1999,Maine,Intentional self-harm (suicide) by discharge of firearms (X72-X74),92,1266808
40,1999,Maryland,Intentional self-harm (suicide) by discharge of firearms (X72-X74),242,5254509
42,1999,Massachusetts,Intentional self-harm (suicide) by discharge of firearms (X72-X74),118,6317345
44,1999,Michigan,Intentional self-harm (suicide) by discharge of firearms (X72-X74),550,9897116
46,1999,Minnesota,Intentional self-harm (suicide) by discharge of firearms (X72-X74),233,4873481
48,1999,Mississippi,Intentional self-harm (suicide) by discharge of firearms (X72-X74),246,2828408
50,1999,Missouri,Intentional self-harm (suicide) by discharge of firearms (X72-X74),428,5561948
52,1999,Montana,Intentional self-harm (suicide) by discharge of firearms (X72-X74),96,897507
54,1999,Nebraska,Intentional self-harm (suicide) by discharge of firearms (X72-X74),109,1704764
56,1999,Nevada,Intentional self-harm (suicide) by discharge of firearms (X72-X74),259,1934718
58,1999,New Hampshire,Intentional self-harm (suicide) by discharge of firearms (X72-X74),64,1222014
59,1999,New Jersey,Intentional self-harm (suicide) by discharge of firearms (X72-X74),195,8359592
61,1999,New Mexico,Intentional self-harm (suicide) by discharge of firearms (X72-X74),180,1808082
63,1999,New York,Intentional self-harm (suicide) by discharge of firearms (X72-X74),439,18882725
65,1999,North Carolina,Intentional self-harm (suicide) by discharge of firearms (X72-X74),572,7949361
67,1999,North Dakota,Intentional self-harm (suicide) by discharge of firearms (X72-X74),39,644259
68,1999,Ohio,Intentional self-harm (suicide) by discharge of firearms (X72-X74),631,11335454
70,1999,Oklahoma,Intentional self-harm (suicide) by discharge of firearms (X72-X74),323,3437147
72,1999,Oregon,Intentional self-harm (suicide) by discharge of firearms (X72-X74),310,3393941
74,1999,Pennsylvania,Intentional self-harm (suicide) by discharge of firearms (X72-X74),711,12263805
76,1999,Rhode Island,Intentional self-harm (suicide) by discharge of firearms (X72-X74),35,1040402
78,1999,South Carolina,Intentional self-harm (suicide) by discharge of firearms (X72-X74),287,3974682
80,1999,South Dakota,Intentional self-harm (suicide) by discharge of firearms (X72-X74),56,750412
81,1999,Tennessee,Intentional self-harm (suicide) by discharge of firearms (X72-X74),503,5638706
83,1999,Texas,Intentional self-harm (suicide) by discharge of firearms (X72-X74),1230,20558220
85,1999,Utah,Intentional self-harm (suicide) by discharge of firearms (X72-X74),153,2203482
87,1999,Vermont,Intentional self-harm (suicide) by discharge of firearms (X72-X74),49,604683
88,1999,Virginia,Intentional self-harm (suicide) by discharge of firearms (X72-X74),505,7000174
90,1999,Washington,Intentional self-harm (suicide) by discharge of firearms (X72-X74),450,5842564
92,1999,West Virginia,Intentional self-harm (suicide) by discharge of firearms (X72-X74),172,1811799
94,1999,Wisconsin,Intentional self-harm (suicide) by discharge of firearms (X72-X74),303,5332666
96,1999,Wyoming,Intentional self-harm (suicide) by discharge of firearms (X72-X74),63,491780
97,2000,Alabama,Intentional self-harm (suicide) by discharge of firearms (X72-X74),428,4447100
99,2000,Alaska,Intentional self-harm (suicide) by discharge of firearms (X72-X74),96,626932
101,2000,Arizona,Intentional self-harm (suicide) by discharge of firearms (X72-X74),490,5130632
103,2000,Arkansas,Intentional self-harm (suicide) by discharge of firearms (X72-X74),245,2673400
105,2000,California,Intentional self-harm (suicide) by discharge of firearms (X72-X74),1487,33871648
107,2000,Colorado,Intentional self-harm (suicide) by discharge of firearms (X72-X74),354,4301261
109,2000,Connecticut,Intentional self-harm (suicide) by discharge of firearms (X72-X74),115,3405565
111,2000,Delaware,Intentional self-harm (suicide) by discharge of firearms (X72-X74),40,783600
113,2000,Florida,Intentional self-harm (suicide) by discharge of firearms (X72-X74),1189,15982378
115,2000,Georgia,Intentional self-harm (suicide) by discharge of firearms (X72-X74),594,8186453
117,2000,Hawaii,Intentional self-harm (suicide) by discharge of firearms (X72-X74),37,1211537
118,2000,Idaho,Intentional self-harm (suicide) by discharge of firearms (X72-X74),107,1293953
120,2000,Illinois,Intentional self-harm (suicide) by discharge of firearms (X72-X74),433,12419293
122,2000,Indiana,Intentional self-harm (suicide) by discharge of firearms (X72-X74),420,6080485
124,2000,Iowa,Intentional self-harm (suicide) by discharge of firearms (X72-X74),161,2926324
126,2000,Kansas,Intentional self-harm (suicide) by discharge of firearms (X72-X74),186,2688418
128,2000,Kentucky,Intentional self-harm (suicide) by discharge of firearms (X72-X74),374,4041769
130,2000,Louisiana,Intentional self-harm (suicide) by discharge of firearms (X72-X74),328,4468976
132,2000,Maine,Intentional self-harm (suicide) by discharge of firearms (X72-X74),98,1274923
134,2000,Maryland,Intentional self-harm (suicide) by discharge of firearms (X72-X74),246,5296486
136,2000,Massachusetts,Intentional self-harm (suicide) by discharge of firearms (X72-X74),105,6349097
138,2000,Michigan,Intentional self-harm (suicide) by discharge of firearms (X72-X74),538,9938444
140,2000,Minnesota,Intentional self-harm (suicide) by discharge of firearms (X72-X74),226,4919479
142,2000,Mississippi,Intentional self-harm (suicide) by discharge of firearms (X72-X74),225,2844658
144,2000,Missouri,Intentional self-harm (suicide) by discharge of firearms (X72-X74),439,5595211
146,2000,Montana,Intentional self-harm (suicide) by discharge of firearms (X72-X74),107,902195
148,2000,Nebraska,Intentional self-harm (suicide) by discharge of firearms (X72-X74),115,1711263
150,2000,Nevada,Intentional self-harm (suicide) by discharge of firearms (X72-X74),241,1998257
152,2000,New Hampshire,Intentional self-harm (suicide) by discharge of firearms (X72-X74),71,1235786
153,2000,New Jersey,Intentional self-harm (suicide) by discharge of firearms (X72-X74),154,8414350
155,2000,New Mexico,Intentional self-harm (suicide) by discharge of firearms (X72-X74),175,1819046
157,2000,New York,Intentional self-harm (suicide) by discharge of firearms (X72-X74),451,18976457
159,2000,North Carolina,Intentional self-harm (suicide) by discharge of firearms (X72-X74),624,8049313
161,2000,North Dakota,Intentional self-harm (suicide) by discharge of firearms (X72-X74),36,642200
162,2000,Ohio,Intentional self-harm (suicide) by discharge of firearms (X72-X74),588,11353140
164,2000,Oklahoma,Intentional self-harm (suicide) by discharge of firearms (X72-X74),303,3450654
166,2000,Oregon,Intentional self-harm (suicide) by discharge of firearms (X72-X74),303,3421399
168,2000,Pennsylvania,Intentional self-harm (suicide) by discharge of firearms (X72-X74),760,12281054
170,2000,Rhode Island,Intentional self-harm (suicide) by discharge of firearms (X72-X74),27,1048319
172,2000,South Carolina,Intentional self-harm (suicide) by discharge of firearms (X72-X74),297,4012012
174,2000,South Dakota,Intentional self-harm (suicide) by discharge of firearms (X72-X74),51,754844
175,2000,Tennessee,Intentional self-harm (suicide) by discharge of firearms (X72-X74),505,5689283
177,2000,Texas,Intentional self-harm (suicide) by discharge of firearms (X72-X74),1281,20851820
179,2000,Utah,Intentional self-harm (suicide) by discharge of firearms (X72-X74),174,2233169
181,2000,Vermont,Intentional self-harm (suicide) by discharge of firearms (X72-X74),47,608827
182,2000,Virginia,Intentional self-harm (suicide) by discharge of firearms (X72-X74),484,7078515
184,2000,Washington,Intentional self-harm (suicide) by discharge of firearms (X72-X74),391,5894121
186,2000,West Virginia,Intentional self-harm (suicide) by discharge of firearms (X72-X74),174,1808344
188,2000,Wisconsin,Intentional self-harm (suicide) by discharge of firearms (X72-X74),312,5363675
190,2000,Wyoming,Intentional self-harm (suicide) by discharge of firearms (X72-X74),52,493782
191,2001,Alabama,Intentional self-harm (suicide) by discharge of firearms (X72-X74),389,4467634
193,2001,Alaska,Intentional self-harm (suicide) by discharge of firearms (X72-X74),65,633714
195,2001,Arizona,Intentional self-harm (suicide) by discharge of firearms (X72-X74),469,5273477
197,2001,Arkansas,Intentional self-harm (suicide) by discharge of firearms (X72-X74),275,2691571
199,2001,California,Intentional self-harm (suicide) by discharge of firearms (X72-X74),1451,34479458
201,2001,Colorado,Intentional self-harm (suicide) by discharge of firearms (X72-X74),391,4425687
203,2001,Connecticut,Intentional self-harm (suicide) by discharge of firearms (X72-X74),115,3432835
205,2001,Delaware,Intentional self-harm (suicide) by discharge of firearms (X72-X74),53,795699
207,2001,District of Columbia,Intentional self-harm (suicide) by discharge of firearms (X72-X74),21,574504
209,2001,Florida,Intentional self-harm (suicide) by discharge of firearms (X72-X74),1197,16356966
211,2001,Georgia,Intentional self-harm (suicide) by discharge of firearms (X72-X74),629,8377038
213,2001,Hawaii,Intentional self-harm (suicide) by discharge of firearms (X72-X74),31,1225948
214,2001,Idaho,Intentional self-harm (suicide) by discharge of firearms (X72-X74),138,1319962
216,2001,Illinois,Intentional self-harm (suicide) by discharge of firearms (X72-X74),507,12488445
218,2001,Indiana,Intentional self-harm (suicide) by discharge of firearms (X72-X74),417,6127760
220,2001,Iowa,Intentional self-harm (suicide) by discharge of firearms (X72-X74),158,2931997
222,2001,Kansas,Intentional self-harm (suicide) by discharge of firearms (X72-X74),161,2702162
224,2001,Kentucky,Intentional self-harm (suicide) by discharge of firearms (X72-X74),332,4068132
226,2001,Louisiana,Intentional self-harm (suicide) by discharge of firearms (X72-X74),353,4477875
228,2001,Maine,Intentional self-harm (suicide) by discharge of firearms (X72-X74),87,1285692
229,2001,Maryland,Intentional self-harm (suicide) by discharge of firearms (X72-X74),221,5374691
231,2001,Massachusetts,Intentional self-harm (suicide) by discharge of firearms (X72-X74),107,6397634
233,2001,Michigan,Intentional self-harm (suicide) by discharge of firearms (X72-X74),547,9991120
235,2001,Minnesota,Intentional self-harm (suicide) by discharge of firearms (X72-X74),243,4982796
237,2001,Mississippi,Intentional self-harm (suicide) by discharge of firearms (X72-X74),242,2852994
239,2001,Missouri,Intentional self-harm (suicide) by discharge of firearms (X72-X74),432,5641142
241,2001,Montana,Intentional self-harm (suicide) by discharge of firearms (X72-X74),133,906961
243,2001,Nebraska,Intentional self-harm (suicide) by discharge of firearms (X72-X74),107,1719836
245,2001,Nevada,Intentional self-harm (suicide) by discharge of firearms (X72-X74),219,2098399
247,2001,New Hampshire,Intentional self-harm (suicide) by discharge of firearms (X72-X74),79,1255517
249,2001,New Jersey,Intentional self-harm (suicide) by discharge of firearms (X72-X74),167,8492671
251,2001,New Mexico,Intentional self-harm (suicide) by discharge of firearms (X72-X74),188,1831690
253,2001,New York,Intentional self-harm (suicide) by discharge of firearms (X72-X74),457,19082838
255,2001,North Carolina,Intentional self-harm (suicide) by discharge of firearms (X72-X74),636,8210122
257,2001,North Dakota,Intentional self-harm (suicide) by discharge of firearms (X72-X74),41,639062
258,2001,Ohio,Intentional self-harm (suicide) by discharge of firearms (X72-X74),678,11387404
260,2001,Oklahoma,Intentional self-harm (suicide) by discharge of firearms (X72-X74),332,3467100
262,2001,Oregon,Intentional self-harm (suicide) by discharge of firearms (X72-X74),282,3467937
264,2001,Pennsylvania,Intentional self-harm (suicide) by discharge of firearms (X72-X74),685,12298970
266,2001,Rhode Island,Intentional self-harm (suicide) by discharge of firearms (X72-X74),25,1057142
268,2001,South Carolina,Intentional self-harm (suicide) by discharge of firearms (X72-X74),312,4064995
270,2001,South Dakota,Intentional self-harm (suicide) by discharge of firearms (X72-X74),43,757972
271,2001,Tennessee,Intentional self-harm (suicide) by discharge of firearms (X72-X74),482,5750789
273,2001,Texas,Intentional self-harm (suicide) by discharge of firearms (X72-X74),1380,21319622
275,2001,Utah,Intentional self-harm (suicide) by discharge of firearms (X72-X74),182,2283715
277,2001,Vermont,Intentional self-harm (suicide) by discharge of firearms (X72-X74),43,612223
278,2001,Virginia,Intentional self-harm (suicide) by discharge of firearms (X72-X74),467,7198362
280,2001,Washington,Intentional self-harm (suicide) by discharge of firearms (X72-X74),391,5985722
282,2001,West Virginia,Intentional self-harm (suicide) by discharge of firearms (X72-X74),195,1801481
284,2001,Wisconsin,Intentional self-harm (suicide) by discharge of firearms (X72-X74),322,5406835
286,2001,Wyoming,Intentional self-harm (suicide) by discharge of firearms (X72-X74),61,494657
287,2002,Alabama,Intentional self-harm (suicide) by discharge of firearms (X72-X74),382,4480089
289,2002,Alaska,Intentional self-harm (suicide) by discharge of firearms (X72-X74),92,642337
291,2002,Arizona,Intentional self-harm (suicide) by discharge of firearms (X72-X74),559,5396255
293,2002,Arkansas,Intentional self-harm (suicide) by discharge of firearms (X72-X74),260,2705927
295,2002,California,Intentional self-harm (suicide) by discharge of firearms (X72-X74),1494,34871843
297,2002,Colorado,Intentional self-harm (suicide) by discharge of firearms (X72-X74),381,4490406
299,2002,Connecticut,Intentional self-harm (suicide) by discharge of firearms (X72-X74),85,3458749
301,2002,Delaware,Intentional self-harm (suicide) by discharge of firearms (X72-X74),38,806169
303,2002,District of Columbia,Intentional self-harm (suicide) by discharge of firearms (X72-X74),13,573158
305,2002,Florida,Intentional self-harm (suicide) by discharge of firearms (X72-X74),1206,16689370
307,2002,Georgia,Intentional self-harm (suicide) by discharge of firearms (X72-X74),615,8508256
309,2002,Hawaii,Intentional self-harm (suicide) by discharge of firearms (X72-X74),21,1239613
311,2002,Idaho,Intentional self-harm (suicide) by discharge of firearms (X72-X74),138,1340372
313,2002,Illinois,Intentional self-harm (suicide) by discharge of firearms (X72-X74),471,12525556
315,2002,Indiana,Intentional self-harm (suicide) by discharge of firearms (X72-X74),449,6155967
317,2002,Iowa,Intentional self-harm (suicide) by discharge of firearms (X72-X74),158,2934234
319,2002,Kansas,Intentional self-harm (suicide) by discharge of firearms (X72-X74),185,2713535
321,2002,Kentucky,Intentional self-harm (suicide) by discharge of firearms (X72-X74),364,4089875
323,2002,Louisiana,Intentional self-harm (suicide) by discharge of firearms (X72-X74),351,4497267
325,2002,Maine,Intentional self-harm (suicide) by discharge of firearms (X72-X74),79,1295960
326,2002,Maryland,Intentional self-harm (suicide) by discharge of firearms (X72-X74),233,5440389
328,2002,Massachusetts,Intentional self-harm (suicide) by discharge of firearms (X72-X74),99,6417206
330,2002,Michigan,Intentional self-harm (suicide) by discharge of firearms (X72-X74),582,10015710
332,2002,Minnesota,Intentional self-harm (suicide) by discharge of firearms (X72-X74),239,5018935
334,2002,Mississippi,Intentional self-harm (suicide) by discharge of firearms (X72-X74),254,2858681
336,2002,Missouri,Intentional self-harm (suicide) by discharge of firearms (X72-X74),425,5674825
338,2002,Montana,Intentional self-harm (suicide) by discharge of firearms (X72-X74),115,911667
339,2002,Nebraska,Intentional self-harm (suicide) by discharge of firearms (X72-X74),105,1728292
341,2002,Nevada,Intentional self-harm (suicide) by discharge of firearms (X72-X74),246,2173791
343,2002,New Hampshire,Intentional self-harm (suicide) by discharge of firearms (X72-X74),66,1269089
344,2002,New Jersey,Intentional self-harm (suicide) by discharge of firearms (X72-X74),176,8552643
346,2002,New Mexico,Intentional self-harm (suicide) by discharge of firearms (X72-X74),211,1855309
348,2002,New York,Intentional self-harm (suicide) by discharge of firearms (X72-X74),411,19137800
350,2002,North Carolina,Intentional self-harm (suicide) by discharge of firearms (X72-X74),633,8326201
352,2002,North Dakota,Intentional self-harm (suicide) by discharge of firearms (X72-X74),54,638168
353,2002,Ohio,Intentional self-harm (suicide) by discharge of firearms (X72-X74),677,11407889
355,2002,Oklahoma,Intentional self-harm (suicide) by discharge of firearms (X72-X74),313,3489080
357,2002,Oregon,Intentional self-harm (suicide) by discharge of firearms (X72-X74),292,3513424
359,2002,Pennsylvania,Intentional self-harm (suicide) by discharge of firearms (X72-X74),724,12331031
361,2002,Rhode Island,Intentional self-harm (suicide) by discharge of firearms (X72-X74),31,1065995
363,2002,South Carolina,Intentional self-harm (suicide) by discharge of firearms (X72-X74),304,4107795
365,2002,South Dakota,Intentional self-harm (suicide) by discharge of firearms (X72-X74),50,760020
366,2002,Tennessee,Intentional self-harm (suicide) by discharge of firearms (X72-X74),523,5795918
368,2002,Texas,Intentional self-harm (suicide) by discharge of firearms (X72-X74),1316,21690325
370,2002,Utah,Intentional self-harm (suicide) by discharge of firearms (X72-X74),174,2324815
372,2002,Vermont,Intentional self-harm (suicide) by discharge of firearms (X72-X74),54,615442
373,2002,Virginia,Intentional self-harm (suicide) by discharge of firearms (X72-X74),492,7286873
375,2002,Washington,Intentional self-harm (suicide) by discharge of firearms (X72-X74),437,6052349
377,2002,West Virginia,Intentional self-harm (suicide) by discharge of firearms (X72-X74),189,1805414
379,2002,Wisconsin,Intentional self-harm (suicide) by discharge of firearms (X72-X74),309,5445162
381,2002,Wyoming,Intentional self-harm (suicide) by discharge of firearms (X72-X74),82,500017
382,2003,Alabama,Intentional self-harm (suicide) by discharge of firearms (X72-X74),399,4503491
384,2003,Alaska,Intentional self-harm (suicide) by discharge of firearms (X72-X74),79,648414
386,2003,Arizona,Intentional self-harm (suicide) by discharge of firearms (X72-X74),487,5510364
388,2003,Arkansas,Intentional self-harm (suicide) by discharge of firearms (X72-X74),258,2724816
390,2003,California,Intentional self-harm (suicide) by discharge of firearms (X72-X74),1506,35253159
392,2003,Colorado,Intentional self-harm (suicide) by discharge of firearms (X72-X74),363,4528732
394,2003,Connecticut,Intentional self-harm (suicide) by discharge of firearms (X72-X74),89,3484336
396,2003,Delaware,Intentional self-harm (suicide) by discharge of firearms (X72-X74),42,818003
398,2003,District of Columbia,Intentional self-harm (suicide) by discharge of firearms (X72-X74),10,568502
400,2003,Florida,Intentional self-harm (suicide) by discharge of firearms (X72-X74),1244,17004085
402,2003,Georgia,Intentional self-harm (suicide) by discharge of firearms (X72-X74),658,8622793
404,2003,Hawaii,Intentional self-harm (suicide) by discharge of firearms (X72-X74),24,1251154
406,2003,Idaho,Intentional self-harm (suicide) by discharge of firearms (X72-X74),137,1363380
408,2003,Illinois,Intentional self-harm (suicide) by discharge of firearms (X72-X74),406,12556006
410,2003,Indiana,Intentional self-harm (suicide) by discharge of firearms (X72-X74),425,6196638
412,2003,Iowa,Intentional self-harm (suicide) by discharge of firearms (X72-X74),178,2941999
414,2003,Kansas,Intentional self-harm (suicide) by discharge of firearms (X72-X74),211,2723004
416,2003,Kentucky,Intentional self-harm (suicide) by discharge of firearms (X72-X74),402,4117170
418,2003,Louisiana,Intentional self-harm (suicide) by discharge of firearms (X72-X74),316,4521042
420,2003,Maine,Intentional self-harm (suicide) by discharge of firearms (X72-X74),71,1306513
421,2003,Maryland,Intentional self-harm (suicide) by discharge of firearms (X72-X74),239,5496269
423,2003,Massachusetts,Intentional self-harm (suicide) by discharge of firearms (X72-X74),122,6422565
425,2003,Michigan,Intentional self-harm (suicide) by discharge of firearms (X72-X74),529,10041152
427,2003,Minnesota,Intentional self-harm (suicide) by discharge of firearms (X72-X74),244,5053572
429,2003,Mississippi,Intentional self-harm (suicide) by discharge of firearms (X72-X74),247,2868312
431,2003,Missouri,Intentional self-harm (suicide) by discharge of firearms (X72-X74),414,5709403
433,2003,Montana,Intentional self-harm (suicide) by discharge of firearms (X72-X74),121,919630
435,2003,Nebraska,Intentional self-harm (suicide) by discharge of firearms (X72-X74),91,1738643
437,2003,Nevada,Intentional self-harm (suicide) by discharge of firearms (X72-X74),248,2248850
439,2003,New Hampshire,Intentional self-harm (suicide) by discharge of firearms (X72-X74),75,1279840
440,2003,New Jersey,Intentional self-harm (suicide) by discharge of firearms (X72-X74),183,8601402
442,2003,New Mexico,Intentional self-harm (suicide) by discharge of firearms (X72-X74),212,1877574
444,2003,New York,Intentional self-harm (suicide) by discharge of firearms (X72-X74),413,19175939
446,2003,North Carolina,Intentional self-harm (suicide) by discharge of firearms (X72-X74),623,8422501
448,2003,North Dakota,Intentional self-harm (suicide) by discharge of firearms (X72-X74),41,638817
450,2003,Ohio,Intentional self-harm (suicide) by discharge of firearms (X72-X74),573,11434788
452,2003,Oklahoma,Intentional self-harm (suicide) by discharge of firearms (X72-X74),282,3504892
454,2003,Oregon,Intentional self-harm (suicide) by discharge of firearms (X72-X74),331,3547376
456,2003,Pennsylvania,Intentional self-harm (suicide) by discharge of firearms (X72-X74),728,12374658
458,2003,Rhode Island,Intentional self-harm (suicide) by discharge of firearms (X72-X74),12,1071342
460,2003,South Carolina,Intentional self-harm (suicide) by discharge of firearms (X72-X74),329,4150297
462,2003,South Dakota,Intentional self-harm (suicide) by discharge of firearms (X72-X74),60,763729
463,2003,Tennessee,Intentional self-harm (suicide) by discharge of firearms (X72-X74),495,5847812
465,2003,Texas,Intentional self-harm (suicide) by discharge of firearms (X72-X74),1352,22030931
467,2003,Utah,Intentional self-harm (suicide) by discharge of firearms (X72-X74),181,2360137
469,2003,Vermont,Intentional self-harm (suicide) by discharge of firearms (X72-X74),38,617858
470,2003,Virginia,Intentional self-harm (suicide) by discharge of firearms (X72-X74),453,7366977
472,2003,Washington,Intentional self-harm (suicide) by discharge of firearms (X72-X74),436,6104115
474,2003,West Virginia,Intentional self-harm (suicide) by discharge of firearms (X72-X74),192,1812295
476,2003,Wisconsin,Intentional self-harm (suicide) by discharge of firearms (X72-X74),310,5479203
478,2003,Wyoming,Intentional self-harm (suicide) by discharge of firearms (X72-X74),75,503453
479,2004,Alabama,Intentional self-harm (suicide) by discharge of firearms (X72-X74),376,4530729
481,2004,Alaska,Intentional self-harm (suicide) by discharge of firearms (X72-X74),94,659286
483,2004,Arizona,Intentional self-harm (suicide) by discharge of firearms (X72-X74),509,5652404
485,2004,Arkansas,Intentional self-harm (suicide) by discharge of firearms (X72-X74),232,2749686
487,2004,California,Intentional self-harm (suicide) by discharge of firearms (X72-X74),1366,35574576
489,2004,Colorado,Intentional self-harm (suicide) by discharge of firearms (X72-X74),402,4575013
491,2004,Connecticut,Intentional self-harm (suicide) by discharge of firearms (X72-X74),106,3496094
493,2004,Delaware,Intentional self-harm (suicide) by discharge of firearms (X72-X74),45,830803
496,2004,Florida,Intentional self-harm (suicide) by discharge of firearms (X72-X74),1198,17415318
498,2004,Georgia,Intentional self-harm (suicide) by discharge of firearms (X72-X74),607,8769252
500,2004,Hawaii,Intentional self-harm (suicide) by discharge of firearms (X72-X74),31,1273569
501,2004,Idaho,Intentional self-harm (suicide) by discharge of firearms (X72-X74),152,1391802
503,2004,Illinois,Intentional self-harm (suicide) by discharge of firearms (X72-X74),387,12589773
505,2004,Indiana,Intentional self-harm (suicide) by discharge of firearms (X72-X74),385,6233007
507,2004,Iowa,Intentional self-harm (suicide) by discharge of firearms (X72-X74),156,2953635
509,2004,Kansas,Intentional self-harm (suicide) by discharge of firearms (X72-X74),204,2734373
511,2004,Kentucky,Intentional self-harm (suicide) by discharge of firearms (X72-X74),379,4146101
513,2004,Louisiana,Intentional self-harm (suicide) by discharge of firearms (X72-X74),371,4552238
515,2004,Maine,Intentional self-harm (suicide) by discharge of firearms (X72-X74),97,1313688
517,2004,Maryland,Intentional self-harm (suicide) by discharge of firearms (X72-X74),250,5546935
519,2004,Massachusetts,Intentional self-harm (suicide) by discharge of firearms (X72-X74),95,6412281
521,2004,Michigan,Intentional self-harm (suicide) by discharge of firearms (X72-X74),534,10055315
523,2004,Minnesota,Intentional self-harm (suicide) by discharge of firearms (X72-X74),268,5087713
525,2004,Mississippi,Intentional self-harm (suicide) by discharge of firearms (X72-X74),248,2889010
527,2004,Missouri,Intentional self-harm (suicide) by discharge of firearms (X72-X74),395,5747741
529,2004,Montana,Intentional self-harm (suicide) by discharge of firearms (X72-X74),105,930009
531,2004,Nebraska,Intentional self-harm (suicide) by discharge of firearms (X72-X74),87,1749370
533,2004,Nevada,Intentional self-harm (suicide) by discharge of firearms (X72-X74),249,2346222
535,2004,New Hampshire,Intentional self-harm (suicide) by discharge of firearms (X72-X74),57,1290121
537,2004,New Jersey,Intentional self-harm (suicide) by discharge of firearms (X72-X74),185,8634561
539,2004,New Mexico,Intentional self-harm (suicide) by discharge of firearms (X72-X74),196,1903808
541,2004,New York,Intentional self-harm (suicide) by discharge of firearms (X72-X74),404,19171567
543,2004,North Carolina,Intentional self-harm (suicide) by discharge of firearms (X72-X74),610,8553152
545,2004,North Dakota,Intentional self-harm (suicide) by discharge of firearms (X72-X74),41,644705
546,2004,Ohio,Intentional self-harm (suicide) by discharge of firearms (X72-X74),659,11452251
548,2004,Oklahoma,Intentional self-harm (suicide) by discharge of firearms (X72-X74),312,3525233
550,2004,Oregon,Intentional self-harm (suicide) by discharge of firearms (X72-X74),299,3569463
552,2004,Pennsylvania,Intentional self-harm (suicide) by discharge of firearms (X72-X74),724,12410722
554,2004,Rhode Island,Intentional self-harm (suicide) by discharge of firearms (X72-X74),22,1074579
556,2004,South Carolina,Intentional self-harm (suicide) by discharge of firearms (X72-X74),328,4210921
558,2004,South Dakota,Intentional self-harm (suicide) by discharge of firearms (X72-X74),61,770396
559,2004,Tennessee,Intentional self-harm (suicide) by discharge of firearms (X72-X74),527,5910809
561,2004,Texas,Intentional self-harm (suicide) by discharge of firearms (X72-X74),1321,22394023
563,2004,Utah,Intentional self-harm (suicide) by discharge of firearms (X72-X74),183,2401580
565,2004,Vermont,Intentional self-harm (suicide) by discharge of firearms (X72-X74),56,619920
566,2004,Virginia,Intentional self-harm (suicide) by discharge of firearms (X72-X74),495,7475575
568,2004,Washington,Intentional self-harm (suicide) by discharge of firearms (X72-X74),423,6178645
570,2004,West Virginia,Intentional self-harm (suicide) by discharge of firearms (X72-X74),192,1816438
572,2004,Wisconsin,Intentional self-harm (suicide) by discharge of firearms (X72-X74),309,5514026
574,2004,Wyoming,Intentional self-harm (suicide) by discharge of firearms (X72-X74),48,509106
575,2005,Alabama,Intentional self-harm (suicide) by discharge of firearms (X72-X74),371,4569805
577,2005,Alaska,Intentional self-harm (suicide) by discharge of firearms (X72-X74),87,666946
579,2005,Arizona,Intentional self-harm (suicide) by discharge of firearms (X72-X74),515,5839077
581,2005,Arkansas,Intentional self-harm (suicide) by discharge of firearms (X72-X74),262,2781097
583,2005,California,Intentional self-harm (suicide) by discharge of firearms (X72-X74),1330,35827943
585,2005,Colorado,Intentional self-harm (suicide) by discharge of firearms (X72-X74),396,4631888
587,2005,Connecticut,Intentional self-harm (suicide) by discharge of firearms (X72-X74),112,3506956
589,2005,Delaware,Intentional self-harm (suicide) by discharge of firearms (X72-X74),42,845150
591,2005,District of Columbia,Intentional self-harm (suicide) by discharge of firearms (X72-X74),10,567136
593,2005,Florida,Intentional self-harm (suicide) by discharge of firearms (X72-X74),1163,17842038
595,2005,Georgia,Intentional self-harm (suicide) by discharge of firearms (X72-X74),590,8925922
597,2005,Hawaii,Intentional self-harm (suicide) by discharge of firearms (X72-X74),22,1292729
598,2005,Idaho,Intentional self-harm (suicide) by discharge of firearms (X72-X74),160,1428241
600,2005,Illinois,Intentional self-harm (suicide) by discharge of firearms (X72-X74),425,12609903
602,2005,Indiana,Intentional self-harm (suicide) by discharge of firearms (X72-X74),417,6278616
604,2005,Iowa,Intentional self-harm (suicide) by discharge of firearms (X72-X74),172,2964454
606,2005,Kansas,Intentional self-harm (suicide) by discharge of firearms (X72-X74),188,2745299
608,2005,Kentucky,Intentional self-harm (suicide) by discharge of firearms (X72-X74),373,4182742
610,2005,Louisiana,Intentional self-harm (suicide) by discharge of firearms (X72-X74),349,4576628
612,2005,Maine,Intentional self-harm (suicide) by discharge of firearms (X72-X74),100,1318787
613,2005,Maryland,Intentional self-harm (suicide) by discharge of firearms (X72-X74),220,5592379
615,2005,Massachusetts,Intentional self-harm (suicide) by discharge of firearms (X72-X74),111,6403290
617,2005,Michigan,Intentional self-harm (suicide) by discharge of firearms (X72-X74),554,10051137
619,2005,Minnesota,Intentional self-harm (suicide) by discharge of firearms (X72-X74),256,5119598
621,2005,Mississippi,Intentional self-harm (suicide) by discharge of firearms (X72-X74),253,2905943
623,2005,Missouri,Intentional self-harm (suicide) by discharge of firearms (X72-X74),428,5790300
625,2005,Montana,Intentional self-harm (suicide) by discharge of firearms (X72-X74),135,940102
627,2005,Nebraska,Intentional self-harm (suicide) by discharge of firearms (X72-X74),101,1761497
629,2005,Nevada,Intentional self-harm (suicide) by discharge of firearms (X72-X74),262,2432143
631,2005,New Hampshire,Intentional self-harm (suicide) by discharge of firearms (X72-X74),79,1298492
632,2005,New Jersey,Intentional self-harm (suicide) by discharge of firearms (X72-X74),136,8651974
634,2005,New Mexico,Intentional self-harm (suicide) by discharge of firearms (X72-X74),178,1932274
636,2005,New York,Intentional self-harm (suicide) by discharge of firearms (X72-X74),456,19132610
638,2005,North Carolina,Intentional self-harm (suicide) by discharge of firearms (X72-X74),634,8705407
640,2005,North Dakota,Intentional self-harm (suicide) by discharge of firearms (X72-X74),56,646089
641,2005,Ohio,Intentional self-harm (suicide) by discharge of firearms (X72-X74),668,11463320
643,2005,Oklahoma,Intentional self-harm (suicide) by discharge of firearms (X72-X74),302,3548597
645,2005,Oregon,Intentional self-harm (suicide) by discharge of firearms (X72-X74),319,3613202
647,2005,Pennsylvania,Intentional self-harm (suicide) by discharge of firearms (X72-X74),768,12449990
649,2005,Rhode Island,Intentional self-harm (suicide) by discharge of firearms (X72-X74),19,1067916
651,2005,South Carolina,Intentional self-harm (suicide) by discharge of firearms (X72-X74),314,4270150
653,2005,South Dakota,Intentional self-harm (suicide) by discharge of firearms (X72-X74),71,775493
654,2005,Tennessee,Intentional self-harm (suicide) by discharge of firearms (X72-X74),553,5991057
656,2005,Texas,Intentional self-harm (suicide) by discharge of firearms (X72-X74),1381,22778123
658,2005,Utah,Intentional self-harm (suicide) by discharge of firearms (X72-X74),190,2457719
660,2005,Vermont,Intentional self-harm (suicide) by discharge of firearms (X72-X74),36,621215
661,2005,Virginia,Intentional self-harm (suicide) by discharge of firearms (X72-X74),511,7577105
663,2005,Washington,Intentional self-harm (suicide) by discharge of firearms (X72-X74),398,6257305
665,2005,West Virginia,Intentional self-harm (suicide) by discharge of firearms (X72-X74),189,1820492
667,2005,Wisconsin,Intentional self-harm (suicide) by discharge of firearms (X72-X74),302,5546166
669,2005,Wyoming,Intentional self-harm (suicide) by discharge of firearms (X72-X74),56,514157
671,2006,Alabama,Intentional self-harm (suicide) by discharge of firearms (X72-X74),402,4628981
673,2006,Alaska,Intentional self-harm (suicide) by discharge of firearms (X72-X74),79,675302
675,2006,Arizona,Intentional self-harm (suicide) by discharge of firearms (X72-X74),563,6029141
677,2006,Arkansas,Intentional self-harm (suicide) by discharge of firearms (X72-X74),247,2821761
679,2006,California,Intentional self-harm (suicide) by discharge of firearms (X72-X74),1322,36021202
681,2006,Colorado,Intentional self-harm (suicide) by discharge of firearms (X72-X74),373,4720423
683,2006,Connecticut,Intentional self-harm (suicide) by discharge of firearms (X72-X74),79,3517460
685,2006,Delaware,Intentional self-harm (suicide) by discharge of firearms (X72-X74),42,859268
687,2006,District of Columbia,Intentional self-harm (suicide) by discharge of firearms (X72-X74),10,570681
689,2006,Florida,Intentional self-harm (suicide) by discharge of firearms (X72-X74),1228,18166990
691,2006,Georgia,Intentional self-harm (suicide) by discharge of firearms (X72-X74),602,9155813
693,2006,Hawaii,Intentional self-harm (suicide) by discharge of firearms (X72-X74),21,1309731
694,2006,Idaho,Intentional self-harm (suicide) by discharge of firearms (X72-X74),145,1468669
696,2006,Illinois,Intentional self-harm (suicide) by discharge of firearms (X72-X74),374,12643955
698,2006,Indiana,Intentional self-harm (suicide) by discharge of firearms (X72-X74),443,6332669
700,2006,Iowa,Intentional self-harm (suicide) by discharge of firearms (X72-X74),149,2982644
702,2006,Kansas,Intentional self-harm (suicide) by discharge of firearms (X72-X74),211,2762931
704,2006,Kentucky,Intentional self-harm (suicide) by discharge of firearms (X72-X74),385,4219239
706,2006,Louisiana,Intentional self-harm (suicide) by discharge of firearms (X72-X74),331,4302665
708,2006,Maine,Intentional self-harm (suicide) by discharge of firearms (X72-X74),87,1323619
710,2006,Maryland,Intentional self-harm (suicide) by discharge of firearms (X72-X74),238,5627367
712,2006,Massachusetts,Intentional self-harm (suicide) by discharge of firearms (X72-X74),101,6410084
714,2006,Michigan,Intentional self-harm (suicide) by discharge of firearms (X72-X74),598,10036081
716,2006,Minnesota,Intentional self-harm (suicide) by discharge of firearms (X72-X74),244,5163555
718,2006,Mississippi,Intentional self-harm (suicide) by discharge of firearms (X72-X74),219,2904978
720,2006,Missouri,Intentional self-harm (suicide) by discharge of firearms (X72-X74),444,5842704
722,2006,Montana,Intentional self-harm (suicide) by discharge of firearms (X72-X74),103,952692
724,2006,Nebraska,Intentional self-harm (suicide) by discharge of firearms (X72-X74),105,1772693
726,2006,Nevada,Intentional self-harm (suicide) by discharge of firearms (X72-X74),255,2522658
728,2006,New Hampshire,Intentional self-harm (suicide) by discharge of firearms (X72-X74),69,1308389
730,2006,New Jersey,Intentional self-harm (suicide) by discharge of firearms (X72-X74),173,8661679
732,2006,New Mexico,Intentional self-harm (suicide) by discharge of firearms (X72-X74),193,1962137
734,2006,New York,Intentional self-harm (suicide) by discharge of firearms (X72-X74),412,19104631
736,2006,North Carolina,Intentional self-harm (suicide) by discharge of firearms (X72-X74),661,8917270
738,2006,North Dakota,Intentional self-harm (suicide) by discharge of firearms (X72-X74),41,649422
739,2006,Ohio,Intentional self-harm (suicide) by discharge of firearms (X72-X74),628,11481213
741,2006,Oklahoma,Intentional self-harm (suicide) by discharge of firearms (X72-X74),314,3594090
743,2006,Oregon,Intentional self-harm (suicide) by discharge of firearms (X72-X74),307,3670883
745,2006,Pennsylvania,Intentional self-harm (suicide) by discharge of firearms (X72-X74),735,12510809
747,2006,Rhode Island,Intentional self-harm (suicide) by discharge of firearms (X72-X74),27,1063096
749,2006,South Carolina,Intentional self-harm (suicide) by discharge of firearms (X72-X74),315,4357847
751,2006,South Dakota,Intentional self-harm (suicide) by discharge of firearms (X72-X74),71,783033
752,2006,Tennessee,Intentional self-harm (suicide) by discharge of firearms (X72-X74),569,6088766
754,2006,Texas,Intentional self-harm (suicide) by discharge of firearms (X72-X74),1311,23359580
756,2006,Utah,Intentional self-harm (suicide) by discharge of firearms (X72-X74),189,2525507
758,2006,Vermont,Intentional self-harm (suicide) by discharge of firearms (X72-X74),43,622892
759,2006,Virginia,Intentional self-harm (suicide) by discharge of firearms (X72-X74),499,7673725
761,2006,Washington,Intentional self-harm (suicide) by discharge of firearms (X72-X74),397,6370753
763,2006,West Virginia,Intentional self-harm (suicide) by discharge of firearms (X72-X74),179,1827912
765,2006,Wisconsin,Intentional self-harm (suicide) by discharge of firearms (X72-X74),299,5577655
767,2006,Wyoming,Intentional self-harm (suicide) by discharge of firearms (X72-X74),73,522667
768,2007,Alabama,Intentional self-harm (suicide) by discharge of firearms (X72-X74),396,4672840
770,2007,Alaska,Intentional self-harm (suicide) by discharge of firearms (X72-X74),94,680300
772,2007,Arizona,Intentional self-harm (suicide) by discharge of firearms (X72-X74),553,6167681
774,2007,Arkansas,Intentional self-harm (suicide) by discharge of firearms (X72-X74),245,2848650
776,2007,California,Intentional self-harm (suicide) by discharge of firearms (X72-X74),1422,36250311
778,2007,Colorado,Intentional self-harm (suicide) by discharge of firearms (X72-X74),397,4803868
780,2007,Connecticut,Intentional self-harm (suicide) by discharge of firearms (X72-X74),78,3527270
782,2007,Delaware,Intentional self-harm (suicide) by discharge of firearms (X72-X74),46,871749
784,2007,District of Columbia,Intentional self-harm (suicide) by discharge of firearms (X72-X74),11,574404
786,2007,Florida,Intentional self-harm (suicide) by discharge of firearms (X72-X74),1284,18367842
788,2007,Georgia,Intentional self-harm (suicide) by discharge of firearms (X72-X74),641,9349988
790,2007,Hawaii,Intentional self-harm (suicide) by discharge of firearms (X72-X74),27,1315675
791,2007,Idaho,Intentional self-harm (suicide) by discharge of firearms (X72-X74),147,1505105
793,2007,Illinois,Intentional self-harm (suicide) by discharge of firearms (X72-X74),423,12695866
795,2007,Indiana,Intentional self-harm (suicide) by discharge of firearms (X72-X74),392,6379599
797,2007,Iowa,Intentional self-harm (suicide) by discharge of firearms (X72-X74),133,2999212
799,2007,Kansas,Intentional self-harm (suicide) by discharge of firearms (X72-X74),213,2783785
801,2007,Kentucky,Intentional self-harm (suicide) by discharge of firearms (X72-X74),424,4256672
803,2007,Louisiana,Intentional self-harm (suicide) by discharge of firearms (X72-X74),335,4375581
805,2007,Maine,Intentional self-harm (suicide) by discharge of firearms (X72-X74),90,1327040
807,2007,Maryland,Intentional self-harm (suicide) by discharge of firearms (X72-X74),233,5653408
809,2007,Massachusetts,Intentional self-harm (suicide) by discharge of firearms (X72-X74),114,6431559
811,2007,Michigan,Intentional self-harm (suicide) by discharge of firearms (X72-X74),560,10001284
813,2007,Minnesota,Intentional self-harm (suicide) by discharge of firearms (X72-X74),265,5207203
815,2007,Mississippi,Intentional self-harm (suicide) by discharge of firearms (X72-X74),279,2928350
817,2007,Missouri,Intentional self-harm (suicide) by discharge of firearms (X72-X74),453,5887612
819,2007,Montana,Intentional self-harm (suicide) by discharge of firearms (X72-X74),120,964706
821,2007,Nebraska,Intentional self-harm (suicide) by discharge of firearms (X72-X74),89,1783440
823,2007,Nevada,Intentional self-harm (suicide) by discharge of firearms (X72-X74),270,2601072
825,2007,New Hampshire,Intentional self-harm (suicide) by discharge of firearms (X72-X74),71,1312540
826,2007,New Jersey,Intentional self-harm (suicide) by discharge of firearms (X72-X74),165,8677885
828,2007,New Mexico,Intentional self-harm (suicide) by discharge of firearms (X72-X74),189,1990070
830,2007,New York,Intentional self-harm (suicide) by discharge of firearms (X72-X74),442,19132335
832,2007,North Carolina,Intentional self-harm (suicide) by discharge of firearms (X72-X74),607,9118037
834,2007,North Dakota,Intentional self-harm (suicide) by discharge of firearms (X72-X74),49,652822
835,2007,Ohio,Intentional self-harm (suicide) by discharge of firearms (X72-X74),660,11500468
837,2007,Oklahoma,Intentional self-harm (suicide) by discharge of firearms (X72-X74),316,3634349
839,2007,Oregon,Intentional self-harm (suicide) by discharge of firearms (X72-X74),327,3722417
841,2007,Pennsylvania,Intentional self-harm (suicide) by discharge of firearms (X72-X74),719,12563937
843,2007,Rhode Island,Intentional self-harm (suicide) by discharge of firearms (X72-X74),24,1057315
845,2007,South Carolina,Intentional self-harm (suicide) by discharge of firearms (X72-X74),311,4444110
847,2007,South Dakota,Intentional self-harm (suicide) by discharge of firearms (X72-X74),44,791623
848,2007,Tennessee,Intentional self-harm (suicide) by discharge of firearms (X72-X74),545,6175727
850,2007,Texas,Intentional self-harm (suicide) by discharge of firearms (X72-X74),1416,23831983
852,2007,Utah,Intentional self-harm (suicide) by discharge of firearms (X72-X74),197,2597746
854,2007,Vermont,Intentional self-harm (suicide) by discharge of firearms (X72-X74),43,623481
855,2007,Virginia,Intentional self-harm (suicide) by discharge of firearms (X72-X74),487,7751000
857,2007,Washington,Intentional self-harm (suicide) by discharge of firearms (X72-X74),413,6461587
859,2007,West Virginia,Intentional self-harm (suicide) by discharge of firearms (X72-X74),205,1834052
861,2007,Wisconsin,Intentional self-harm (suicide) by discharge of firearms (X72-X74),338,5610775
863,2007,Wyoming,Intentional self-harm (suicide) by discharge of firearms (X72-X74),67,534876
864,2008,Alabama,Intentional self-harm (suicide) by discharge of firearms (X72-X74),424,4718206
866,2008,Alaska,Intentional self-harm (suicide) by discharge of firearms (X72-X74),116,687455
868,2008,Arizona,Intentional self-harm (suicide) by discharge of firearms (X72-X74),540,6280362
870,2008,Arkansas,Intentional self-harm (suicide) by discharge of firearms (X72-X74),275,2874554
872,2008,California,Intentional self-harm (suicide) by discharge of firearms (X72-X74),1478,36604337
874,2008,Colorado,Intentional self-harm (suicide) by discharge of firearms (X72-X74),388,4889730
876,2008,Connecticut,Intentional self-harm (suicide) by discharge of firearms (X72-X74),109,3545579
878,2008,Delaware,Intentional self-harm (suicide) by discharge of firearms (X72-X74),41,883874
880,2008,District of Columbia,Intentional self-harm (suicide) by discharge of firearms (X72-X74),12,580236
882,2008,Florida,Intentional self-harm (suicide) by discharge of firearms (X72-X74),1398,18527305
884,2008,Georgia,Intentional self-harm (suicide) by discharge of firearms (X72-X74),616,9504843
886,2008,Hawaii,Intentional self-harm (suicide) by discharge of firearms (X72-X74),28,1332213
888,2008,Idaho,Intentional self-harm (suicide) by discharge of firearms (X72-X74),149,1534320
890,2008,Illinois,Intentional self-harm (suicide) by discharge of firearms (X72-X74),440,12747038
892,2008,Indiana,Intentional self-harm (suicide) by discharge of firearms (X72-X74),451,6424806
894,2008,Iowa,Intentional self-harm (suicide) by discharge of firearms (X72-X74),180,3016734
896,2008,Kansas,Intentional self-harm (suicide) by discharge of firearms (X72-X74),185,2808076
898,2008,Kentucky,Intentional self-harm (suicide) by discharge of firearms (X72-X74),394,4289878
900,2008,Louisiana,Intentional self-harm (suicide) by discharge of firearms (X72-X74),351,4435586
902,2008,Maine,Intentional self-harm (suicide) by discharge of firearms (X72-X74),103,1330509
904,2008,Maryland,Intentional self-harm (suicide) by discharge of firearms (X72-X74),263,5684965
906,2008,Massachusetts,Intentional self-harm (suicide) by discharge of firearms (X72-X74),118,6468967
908,2008,Michigan,Intentional self-harm (suicide) by discharge of firearms (X72-X74),570,9946889
910,2008,Minnesota,Intentional self-harm (suicide) by discharge of firearms (X72-X74),290,5247018
912,2008,Mississippi,Intentional self-harm (suicide) by discharge of firearms (X72-X74),287,2947806
914,2008,Missouri,Intentional self-harm (suicide) by discharge of firearms (X72-X74),422,5923916
916,2008,Montana,Intentional self-harm (suicide) by discharge of firearms (X72-X74),132,976415
918,2008,Nebraska,Intentional self-harm (suicide) by discharge of firearms (X72-X74),98,1796378
920,2008,Nevada,Intentional self-harm (suicide) by discharge of firearms (X72-X74),291,2653630
922,2008,New Hampshire,Intentional self-harm (suicide) by discharge of firearms (X72-X74),85,1315906
923,2008,New Jersey,Intentional self-harm (suicide) by discharge of firearms (X72-X74),175,8711090
925,2008,New Mexico,Intentional self-harm (suicide) by discharge of firearms (X72-X74),195,2010662
927,2008,New York,Intentional self-harm (suicide) by discharge of firearms (X72-X74),430,19212436
929,2008,North Carolina,Intentional self-harm (suicide) by discharge of firearms (X72-X74),669,9309449
931,2008,North Dakota,Intentional self-harm (suicide) by discharge of firearms (X72-X74),55,657569
932,2008,Ohio,Intentional self-harm (suicide) by discharge of firearms (X72-X74),685,11515391
934,2008,Oklahoma,Intentional self-harm (suicide) by discharge of firearms (X72-X74),346,3668976
936,2008,Oregon,Intentional self-harm (suicide) by discharge of firearms (X72-X74),319,3768748
938,2008,Pennsylvania,Intentional self-harm (suicide) by discharge of firearms (X72-X74),771,12612285
940,2008,Rhode Island,Intentional self-harm (suicide) by discharge of firearms (X72-X74),23,1055003
942,2008,South Carolina,Intentional self-harm (suicide) by discharge of firearms (X72-X74),343,4528996
944,2008,South Dakota,Intentional self-harm (suicide) by discharge of firearms (X72-X74),68,799124
946,2008,Tennessee,Intentional self-harm (suicide) by discharge of firearms (X72-X74),610,6247411
948,2008,Texas,Intentional self-harm (suicide) by discharge of firearms (X72-X74),1507,24309039
950,2008,Utah,Intentional self-harm (suicide) by discharge of firearms (X72-X74),196,2663029
952,2008,Vermont,Intentional self-harm (suicide) by discharge of firearms (X72-X74),44,624151
953,2008,Virginia,Intentional self-harm (suicide) by discharge of firearms (X72-X74),524,7833496
955,2008,Washington,Intentional self-harm (suicide) by discharge of firearms (X72-X74),439,6562231
957,2008,West Virginia,Intentional self-harm (suicide) by discharge of firearms (X72-X74),172,1840310
959,2008,Wisconsin,Intentional self-harm (suicide) by discharge of firearms (X72-X74),348,5640996
961,2008,Wyoming,Intentional self-harm (suicide) by discharge of firearms (X72-X74),87,546043
962,2009,Alabama,Intentional self-harm (suicide) by discharge of firearms (X72-X74),479,4757938
964,2009,Alaska,Intentional self-harm (suicide) by discharge of firearms (X72-X74),79,698895
966,2009,Arizona,Intentional self-harm (suicide) by discharge of firearms (X72-X74),605,6343154
968,2009,Arkansas,Intentional self-harm (suicide) by discharge of firearms (X72-X74),286,2896843
970,2009,California,Intentional self-harm (suicide) by discharge of firearms (X72-X74),1520,36961229
972,2009,Colorado,Intentional self-harm (suicide) by discharge of firearms (X72-X74),454,4972195
974,2009,Connecticut,Intentional self-harm (suicide) by discharge of firearms (X72-X74),93,3561807
976,2009,Delaware,Intentional self-harm (suicide) by discharge of firearms (X72-X74),38,891730
979,2009,Florida,Intentional self-harm (suicide) by discharge of firearms (X72-X74),1473,18652644
981,2009,Georgia,Intentional self-harm (suicide) by discharge of firearms (X72-X74),743,9620846
983,2009,Hawaii,Intentional self-harm (suicide) by discharge of firearms (X72-X74),36,1346717
985,2009,Idaho,Intentional self-harm (suicide) by discharge of firearms (X72-X74),176,1554439
987,2009,Illinois,Intentional self-harm (suicide) by discharge of firearms (X72-X74),402,12796778
989,2009,Indiana,Intentional self-harm (suicide) by discharge of firearms (X72-X74),458,6459325
991,2009,Iowa,Intentional self-harm (suicide) by discharge of firearms (X72-X74),160,3032870
993,2009,Kansas,Intentional self-harm (suicide) by discharge of firearms (X72-X74),200,2832704
995,2009,Kentucky,Intentional self-harm (suicide) by discharge of firearms (X72-X74),405,4317074
997,2009,Louisiana,Intentional self-harm (suicide) by discharge of firearms (X72-X74),328,4491648
999,2009,Maine,Intentional self-harm (suicide) by discharge of firearms (X72-X74),106,1329590
1001,2009,Maryland,Intentional self-harm (suicide) by discharge of firearms (X72-X74),252,5730388
1003,2009,Massachusetts,Intentional self-harm (suicide) by discharge of firearms (X72-X74),89,6517613
1005,2009,Michigan,Intentional self-harm (suicide) by discharge of firearms (X72-X74),575,9901591
1007,2009,Minnesota,Intentional self-harm (suicide) by discharge of firearms (X72-X74),282,5281203
1009,2009,Mississippi,Intentional self-harm (suicide) by discharge of firearms (X72-X74),269,2958774
1011,2009,Missouri,Intentional self-harm (suicide) by discharge of firearms (X72-X74),472,5961088
1013,2009,Montana,Intentional self-harm (suicide) by discharge of firearms (X72-X74),136,983982
1015,2009,Nebraska,Intentional self-harm (suicide) by discharge of firearms (X72-X74),93,1812683
1017,2009,Nevada,Intentional self-harm (suicide) by discharge of firearms (X72-X74),295,2684665
1019,2009,New Hampshire,Intentional self-harm (suicide) by discharge of firearms (X72-X74),82,1316102
1020,2009,New Jersey,Intentional self-harm (suicide) by discharge of firearms (X72-X74),173,8755602
1022,2009,New Mexico,Intentional self-harm (suicide) by discharge of firearms (X72-X74),192,2036802
1024,2009,New York,Intentional self-harm (suicide) by discharge of firearms (X72-X74),422,19307066
1026,2009,North Carolina,Intentional self-harm (suicide) by discharge of firearms (X72-X74),679,9449566
1028,2009,North Dakota,Intentional self-harm (suicide) by discharge of firearms (X72-X74),50,664968
1029,2009,Ohio,Intentional self-harm (suicide) by discharge of firearms (X72-X74),590,11528896
1031,2009,Oklahoma,Intentional self-harm (suicide) by discharge of firearms (X72-X74),363,3717572
1033,2009,Oregon,Intentional self-harm (suicide) by discharge of firearms (X72-X74),345,3808600
1035,2009,Pennsylvania,Intentional self-harm (suicide) by discharge of firearms (X72-X74),825,12666858
1037,2009,Rhode Island,Intentional self-harm (suicide) by discharge of firearms (X72-X74),40,1053646
1039,2009,South Carolina,Intentional self-harm (suicide) by discharge of firearms (X72-X74),377,4589872
1041,2009,South Dakota,Intentional self-harm (suicide) by discharge of firearms (X72-X74),61,807067
1043,2009,Tennessee,Intentional self-harm (suicide) by discharge of firearms (X72-X74),575,6306019
1045,2009,Texas,Intentional self-harm (suicide) by discharge of firearms (X72-X74),1588,24801761
1047,2009,Utah,Intentional self-harm (suicide) by discharge of firearms (X72-X74),217,2723421
1049,2009,Vermont,Intentional self-harm (suicide) by discharge of firearms (X72-X74),59,624817
1050,2009,Virginia,Intentional self-harm (suicide) by discharge of firearms (X72-X74),527,7925937
1052,2009,Washington,Intentional self-harm (suicide) by discharge of firearms (X72-X74),471,6667426
1054,2009,West Virginia,Intentional self-harm (suicide) by discharge of firearms (X72-X74),178,1847775
1056,2009,Wisconsin,Intentional self-harm (suicide) by discharge of firearms (X72-X74),345,5669264
1058,2009,Wyoming,Intentional self-harm (suicide) by discharge of firearms (X72-X74),82,559851
1060,2010,Alabama,Intentional self-harm (suicide) by discharge of firearms (X72-X74),454,4779736
1062,2010,Alaska,Intentional self-harm (suicide) by discharge of firearms (X72-X74),107,710231
1064,2010,Arizona,Intentional self-harm (suicide) by discharge of firearms (X72-X74),621,6392017
1066,2010,Arkansas,Intentional self-harm (suicide) by discharge of firearms (X72-X74),266,2915918
1068,2010,California,Intentional self-harm (suicide) by discharge of firearms (X72-X74),1497,37253956
1070,2010,Colorado,Intentional self-harm (suicide) by discharge of firearms (X72-X74),427,5029196
1072,2010,Connecticut,Intentional self-harm (suicide) by discharge of firearms (X72-X74),111,3574097
1074,2010,Delaware,Intentional self-harm (suicide) by discharge of firearms (X72-X74),43,897934
1076,2010,District of Columbia,Intentional self-harm (suicide) by discharge of firearms (X72-X74),13,601723
1078,2010,Florida,Intentional self-harm (suicide) by discharge of firearms (X72-X74),1454,18801310
1080,2010,Georgia,Intentional self-harm (suicide) by discharge of firearms (X72-X74),718,9687653
1082,2010,Hawaii,Intentional self-harm (suicide) by discharge of firearms (X72-X74),37,1360301
1083,2010,Idaho,Intentional self-harm (suicide) by discharge of firearms (X72-X74),182,1567582
1085,2010,Illinois,Intentional self-harm (suicide) by discharge of firearms (X72-X74),442,12830632
1087,2010,Indiana,Intentional self-harm (suicide) by discharge of firearms (X72-X74),455,6483802
1089,2010,Iowa,Intentional self-harm (suicide) by discharge of firearms (X72-X74),178,3046355
1091,2010,Kansas,Intentional self-harm (suicide) by discharge of firearms (X72-X74),210,2853118
1093,2010,Kentucky,Intentional self-harm (suicide) by discharge of firearms (X72-X74),404,4339367
1095,2010,Louisiana,Intentional self-harm (suicide) by discharge of firearms (X72-X74),385,4533372
1097,2010,Maine,Intentional self-harm (suicide) by discharge of firearms (X72-X74),95,1328361
1099,2010,Maryland,Intentional self-harm (suicide) by discharge of firearms (X72-X74),222,5773552
1101,2010,Massachusetts,Intentional self-harm (suicide) by discharge of firearms (X72-X74),138,6547629
1103,2010,Michigan,Intentional self-harm (suicide) by discharge of firearms (X72-X74),601,9883640
1105,2010,Minnesota,Intentional self-harm (suicide) by discharge of firearms (X72-X74),281,5303925
1107,2010,Mississippi,Intentional self-harm (suicide) by discharge of firearms (X72-X74),257,2967297
1109,2010,Missouri,Intentional self-harm (suicide) by discharge of firearms (X72-X74),491,5988927
1111,2010,Montana,Intentional self-harm (suicide) by discharge of firearms (X72-X74),143,989415
1113,2010,Nebraska,Intentional self-harm (suicide) by discharge of firearms (X72-X74),108,1826341
1115,2010,Nevada,Intentional self-harm (suicide) by discharge of firearms (X72-X74),289,2700551
1117,2010,New Hampshire,Intentional self-harm (suicide) by discharge of firearms (X72-X74),102,1316470
1118,2010,New Jersey,Intentional self-harm (suicide) by discharge of firearms (X72-X74),188,8791894
1120,2010,New Mexico,Intentional self-harm (suicide) by discharge of firearms (X72-X74),204,2059179
1122,2010,New York,Intentional self-harm (suicide) by discharge of firearms (X72-X74),459,19378102
1124,2010,North Carolina,Intentional self-harm (suicide) by discharge of firearms (X72-X74),707,9535483
1126,2010,North Dakota,Intentional self-harm (suicide) by discharge of firearms (X72-X74),56,672591
1127,2010,Ohio,Intentional self-harm (suicide) by discharge of firearms (X72-X74),724,11536504
1129,2010,Oklahoma,Intentional self-harm (suicide) by discharge of firearms (X72-X74),377,3751351
1131,2010,Oregon,Intentional self-harm (suicide) by discharge of firearms (X72-X74),377,3831074
1133,2010,Pennsylvania,Intentional self-harm (suicide) by discharge of firearms (X72-X74),762,12702379
1135,2010,Rhode Island,Intentional self-harm (suicide) by discharge of firearms (X72-X74),30,1052567
1137,2010,South Carolina,Intentional self-harm (suicide) by discharge of firearms (X72-X74),393,4625364
1139,2010,South Dakota,Intentional self-harm (suicide) by discharge of firearms (X72-X74),65,814180
1140,2010,Tennessee,Intentional self-harm (suicide) by discharge of firearms (X72-X74),585,6346105
1142,2010,Texas,Intentional self-harm (suicide) by discharge of firearms (X72-X74),1703,25145561
1144,2010,Utah,Intentional self-harm (suicide) by discharge of firearms (X72-X74),275,2763885
1146,2010,Vermont,Intentional self-harm (suicide) by discharge of firearms (X72-X74),66,625741
1147,2010,Virginia,Intentional self-harm (suicide) by discharge of firearms (X72-X74),576,8001024
1149,2010,Washington,Intentional self-harm (suicide) by discharge of firearms (X72-X74),464,6724540
1151,2010,West Virginia,Intentional self-harm (suicide) by discharge of firearms (X72-X74),210,1852994
1153,2010,Wisconsin,Intentional self-harm (suicide) by discharge of firearms (X72-X74),378,5686986
1155,2010,Wyoming,Intentional self-harm (suicide) by discharge of firearms (X72-X74),83,563626
1156,2011,Alabama,Intentional self-harm (suicide) by discharge of firearms (X72-X74),452,4802740
1158,2011,Alaska,Intentional self-harm (suicide) by discharge of firearms (X72-X74),99,722718
1160,2011,Arizona,Intentional self-harm (suicide) by discharge of firearms (X72-X74),674,6482505
1162,2011,Arkansas,Intentional self-harm (suicide) by discharge of firearms (X72-X74),299,2937979
1164,2011,California,Intentional self-harm (suicide) by discharge of firearms (X72-X74),1566,37691912
1166,2011,Colorado,Intentional self-harm (suicide) by discharge of firearms (X72-X74),443,5116796
1168,2011,Connecticut,Intentional self-harm (suicide) by discharge of firearms (X72-X74),111,3580709
1170,2011,Delaware,Intentional self-harm (suicide) by discharge of firearms (X72-X74),46,907135
1173,2011,Florida,Intentional self-harm (suicide) by discharge of firearms (X72-X74),1490,19057542
1175,2011,Georgia,Intentional self-harm (suicide) by discharge of firearms (X72-X74),742,9815210
1177,2011,Hawaii,Intentional self-harm (suicide) by discharge of firearms (X72-X74),42,1374810
1178,2011,Idaho,Intentional self-harm (suicide) by discharge of firearms (X72-X74),167,1584985
1180,2011,Illinois,Intentional self-harm (suicide) by discharge of firearms (X72-X74),461,12869257
1182,2011,Indiana,Intentional self-harm (suicide) by discharge of firearms (X72-X74),413,6516922
1184,2011,Iowa,Intentional self-harm (suicide) by discharge of firearms (X72-X74),185,3062309
1186,2011,Kansas,Intentional self-harm (suicide) by discharge of firearms (X72-X74),233,2871238
1188,2011,Kentucky,Intentional self-harm (suicide) by discharge of firearms (X72-X74),454,4369356
1190,2011,Louisiana,Intentional self-harm (suicide) by discharge of firearms (X72-X74),380,4574836
1192,2011,Maine,Intentional self-harm (suicide) by discharge of firearms (X72-X74),114,1328188
1194,2011,Maryland,Intentional self-harm (suicide) by discharge of firearms (X72-X74),242,5828289
1196,2011,Massachusetts,Intentional self-harm (suicide) by discharge of firearms (X72-X74),116,6587536
1198,2011,Michigan,Intentional self-harm (suicide) by discharge of firearms (X72-X74),620,9876187
1200,2011,Minnesota,Intentional self-harm (suicide) by discharge of firearms (X72-X74),324,5344861
1202,2011,Mississippi,Intentional self-harm (suicide) by discharge of firearms (X72-X74),268,2978512
1204,2011,Missouri,Intentional self-harm (suicide) by discharge of firearms (X72-X74),513,6010688
1206,2011,Montana,Intentional self-harm (suicide) by discharge of firearms (X72-X74),152,998199
1208,2011,Nebraska,Intentional self-harm (suicide) by discharge of firearms (X72-X74),111,1842641
1210,2011,Nevada,Intentional self-harm (suicide) by discharge of firearms (X72-X74),272,2723322
1212,2011,New Hampshire,Intentional self-harm (suicide) by discharge of firearms (X72-X74),75,1318194
1214,2011,New Jersey,Intentional self-harm (suicide) by discharge of firearms (X72-X74),181,8821155
1216,2011,New Mexico,Intentional self-harm (suicide) by discharge of firearms (X72-X74),221,2082224
1218,2011,New York,Intentional self-harm (suicide) by discharge of firearms (X72-X74),507,19465197
1220,2011,North Carolina,Intentional self-harm (suicide) by discharge of firearms (X72-X74),728,9656401
1222,2011,North Dakota,Intentional self-harm (suicide) by discharge of firearms (X72-X74),52,683932
1223,2011,Ohio,Intentional self-harm (suicide) by discharge of firearms (X72-X74),726,11544951
1225,2011,Oklahoma,Intentional self-harm (suicide) by discharge of firearms (X72-X74),440,3791508
1227,2011,Oregon,Intentional self-harm (suicide) by discharge of firearms (X72-X74),343,3871859
1229,2011,Pennsylvania,Intentional self-harm (suicide) by discharge of firearms (X72-X74),884,12742886
1231,2011,Rhode Island,Intentional self-harm (suicide) by discharge of firearms (X72-X74),20,1051302
1233,2011,South Carolina,Intentional self-harm (suicide) by discharge of firearms (X72-X74),426,4679230
1235,2011,South Dakota,Intentional self-harm (suicide) by discharge of firearms (X72-X74),60,824082
1236,2011,Tennessee,Intentional self-harm (suicide) by discharge of firearms (X72-X74),591,6403353
1238,2011,Texas,Intentional self-harm (suicide) by discharge of firearms (X72-X74),1691,25674681
1240,2011,Utah,Intentional self-harm (suicide) by discharge of firearms (X72-X74),268,2817222
1242,2011,Vermont,Intentional self-harm (suicide) by discharge of firearms (X72-X74),70,626431
1243,2011,Virginia,Intentional self-harm (suicide) by discharge of firearms (X72-X74),604,8096604
1245,2011,Washington,Intentional self-harm (suicide) by discharge of firearms (X72-X74),496,6830038
1247,2011,West Virginia,Intentional self-harm (suicide) by discharge of firearms (X72-X74),200,1855364
1249,2011,Wisconsin,Intentional self-harm (suicide) by discharge of firearms (X72-X74),351,5711767
1251,2011,Wyoming,Intentional self-harm (suicide) by discharge of firearms (X72-X74),84,568158
1253,2012,Alabama,Intentional self-harm (suicide) by discharge of firearms (X72-X74),500,4822023
1255,2012,Alaska,Intentional self-harm (suicide) by discharge of firearms (X72-X74),98,731449
1257,2012,Arizona,Intentional self-harm (suicide) by discharge of firearms (X72-X74),663,6553255
1259,2012,Arkansas,Intentional self-harm (suicide) by discharge of firearms (X72-X74),307,2949131
1261,2012,California,Intentional self-harm (suicide) by discharge of firearms (X72-X74),1550,38041430
1263,2012,Colorado,Intentional self-harm (suicide) by discharge of firearms (X72-X74),533,5187582
1265,2012,Connecticut,Intentional self-harm (suicide) by discharge of firearms (X72-X74),111,3590347
1267,2012,Delaware,Intentional self-harm (suicide) by discharge of firearms (X72-X74),46,917092
1269,2012,District of Columbia,Intentional self-harm (suicide) by discharge of firearms (X72-X74),10,632323
1271,2012,Florida,Intentional self-harm (suicide) by discharge of firearms (X72-X74),1550,19317568
1273,2012,Georgia,Intentional self-harm (suicide) by discharge of firearms (X72-X74),751,9919945
1275,2012,Hawaii,Intentional self-harm (suicide) by discharge of firearms (X72-X74),43,1392313
1276,2012,Idaho,Intentional self-harm (suicide) by discharge of firearms (X72-X74),176,1595728
1278,2012,Illinois,Intentional self-harm (suicide) by discharge of firearms (X72-X74),491,12875255
1280,2012,Indiana,Intentional self-harm (suicide) by discharge of firearms (X72-X74),516,6537334
1282,2012,Iowa,Intentional self-harm (suicide) by discharge of firearms (X72-X74),175,3074186
1284,2012,Kansas,Intentional self-harm (suicide) by discharge of firearms (X72-X74),297,2885905
1286,2012,Kentucky,Intentional self-harm (suicide) by discharge of firearms (X72-X74),469,4380415
1288,2012,Louisiana,Intentional self-harm (suicide) by discharge of firearms (X72-X74),376,4601893
1290,2012,Maine,Intentional self-harm (suicide) by discharge of firearms (X72-X74),113,1329192
1292,2012,Maryland,Intentional self-harm (suicide) by discharge of firearms (X72-X74),272,5884563
1294,2012,Massachusetts,Intentional self-harm (suicide) by discharge of firearms (X72-X74),151,6646144
1296,2012,Michigan,Intentional self-harm (suicide) by discharge of firearms (X72-X74),623,9883360
1298,2012,Minnesota,Intentional self-harm (suicide) by discharge of firearms (X72-X74),311,5379139
1300,2012,Mississippi,Intentional self-harm (suicide) by discharge of firearms (X72-X74),296,2984926
1302,2012,Missouri,Intentional self-harm (suicide) by discharge of firearms (X72-X74),549,6021988
1304,2012,Montana,Intentional self-harm (suicide) by discharge of firearms (X72-X74),153,1005141
1306,2012,Nebraska,Intentional self-harm (suicide) by discharge of firearms (X72-X74),115,1855525
1308,2012,Nevada,Intentional self-harm (suicide) by discharge of firearms (X72-X74),276,2758931
1310,2012,New Hampshire,Intentional self-harm (suicide) by discharge of firearms (X72-X74),98,1320718
1312,2012,New Jersey,Intentional self-harm (suicide) by discharge of firearms (X72-X74),160,8864590
1314,2012,New Mexico,Intentional self-harm (suicide) by discharge of firearms (X72-X74),230,2085538
1316,2012,New York,Intentional self-harm (suicide) by discharge of firearms (X72-X74),518,19570261
1318,2012,North Carolina,Intentional self-harm (suicide) by discharge of firearms (X72-X74),710,9752073
1320,2012,North Dakota,Intentional self-harm (suicide) by discharge of firearms (X72-X74),63,699628
1321,2012,Ohio,Intentional self-harm (suicide) by discharge of firearms (X72-X74),784,11544225
1323,2012,Oklahoma,Intentional self-harm (suicide) by discharge of firearms (X72-X74),411,3814820
1325,2012,Oregon,Intentional self-harm (suicide) by discharge of firearms (X72-X74),367,3899353
1327,2012,Pennsylvania,Intentional self-harm (suicide) by discharge of firearms (X72-X74),821,12763536
1329,2012,Rhode Island,Intentional self-harm (suicide) by discharge of firearms (X72-X74),27,1050292
1331,2012,South Carolina,Intentional self-harm (suicide) by discharge of firearms (X72-X74),434,4723723
1333,2012,South Dakota,Intentional self-harm (suicide) by discharge of firearms (X72-X74),76,833354
1334,2012,Tennessee,Intentional self-harm (suicide) by discharge of firearms (X72-X74),628,6456243
1336,2012,Texas,Intentional self-harm (suicide) by discharge of firearms (X72-X74),1748,26059203
1338,2012,Utah,Intentional self-harm (suicide) by discharge of firearms (X72-X74),284,2855287
1340,2012,Vermont,Intentional self-harm (suicide) by discharge of firearms (X72-X74),50,626011
1341,2012,Virginia,Intentional self-harm (suicide) by discharge of firearms (X72-X74),588,8185867
1343,2012,Washington,Intentional self-harm (suicide) by discharge of firearms (X72-X74),529,6897012
1345,2012,West Virginia,Intentional self-harm (suicide) by discharge of firearms (X72-X74),198,1855413
1347,2012,Wisconsin,Intentional self-harm (suicide) by discharge of firearms (X72-X74),348,5726398
1349,2012,Wyoming,Intentional self-harm (suicide) by discharge of firearms (X72-X74),102,576412
1350,2013,Alabama,Intentional self-harm (suicide) by discharge of firearms (X72-X74),504,4833722
1352,2013,Alaska,Intentional self-harm (suicide) by discharge of firearms (X72-X74),120,735132
1354,2013,Arizona,Intentional self-harm (suicide) by discharge of firearms (X72-X74),655,6626624
1356,2013,Arkansas,Intentional self-harm (suicide) by discharge of firearms (X72-X74),323,2959373
1358,2013,California,Intentional self-harm (suicide) by discharge of firearms (X72-X74),1572,38332521
1360,2013,Colorado,Intentional self-harm (suicide) by discharge of firearms (X72-X74),489,5268367
1362,2013,Connecticut,Intentional self-harm (suicide) by discharge of firearms (X72-X74),92,3596080
1364,2013,Delaware,Intentional self-harm (suicide) by discharge of firearms (X72-X74),61,925749
1367,2013,Florida,Intentional self-harm (suicide) by discharge of firearms (X72-X74),1571,19552860
1369,2013,Georgia,Intentional self-harm (suicide) by discharge of firearms (X72-X74),747,9992167
1371,2013,Hawaii,Intentional self-harm (suicide) by discharge of firearms (X72-X74),28,1404054
1372,2013,Idaho,Intentional self-harm (suicide) by discharge of firearms (X72-X74),200,1612136
1374,2013,Illinois,Intentional self-harm (suicide) by discharge of firearms (X72-X74),497,12882135
1376,2013,Indiana,Intentional self-harm (suicide) by discharge of firearms (X72-X74),523,6570902
1378,2013,Iowa,Intentional self-harm (suicide) by discharge of firearms (X72-X74),221,3090416
1380,2013,Kansas,Intentional self-harm (suicide) by discharge of firearms (X72-X74),241,2893957
1382,2013,Kentucky,Intentional self-harm (suicide) by discharge of firearms (X72-X74),454,4395295
1384,2013,Louisiana,Intentional self-harm (suicide) by discharge of firearms (X72-X74),408,4625470
1386,2013,Maine,Intentional self-harm (suicide) by discharge of firearms (X72-X74),137,1328302
1388,2013,Maryland,Intentional self-harm (suicide) by discharge of firearms (X72-X74),258,5928814
1390,2013,Massachusetts,Intentional self-harm (suicide) by discharge of firearms (X72-X74),112,6692824
1392,2013,Michigan,Intentional self-harm (suicide) by discharge of firearms (X72-X74),674,9895622
1394,2013,Minnesota,Intentional self-harm (suicide) by discharge of firearms (X72-X74),340,5420380
1396,2013,Mississippi,Intentional self-harm (suicide) by discharge of firearms (X72-X74),279,2991207
1398,2013,Missouri,Intentional self-harm (suicide) by discharge of firearms (X72-X74),557,6044171
1400,2013,Montana,Intentional self-harm (suicide) by discharge of firearms (X72-X74),147,1015165
1402,2013,Nebraska,Intentional self-harm (suicide) by discharge of firearms (X72-X74),112,1868516
1404,2013,Nevada,Intentional self-harm (suicide) by discharge of firearms (X72-X74),292,2790136
1406,2013,New Hampshire,Intentional self-harm (suicide) by discharge of firearms (X72-X74),82,1323459
1407,2013,New Jersey,Intentional self-harm (suicide) by discharge of firearms (X72-X74),194,8899339
1409,2013,New Mexico,Intentional self-harm (suicide) by discharge of firearms (X72-X74),222,2085287
1411,2013,New York,Intentional self-harm (suicide) by discharge of firearms (X72-X74),466,19651127
1413,2013,North Carolina,Intentional self-harm (suicide) by discharge of firearms (X72-X74),771,9848060
1415,2013,North Dakota,Intentional self-harm (suicide) by discharge of firearms (X72-X74),76,723393
1416,2013,Ohio,Intentional self-harm (suicide) by discharge of firearms (X72-X74),800,11570808
1418,2013,Oklahoma,Intentional self-harm (suicide) by discharge of firearms (X72-X74),433,3850568
1420,2013,Oregon,Intentional self-harm (suicide) by discharge of firearms (X72-X74),389,3930065
1422,2013,Pennsylvania,Intentional self-harm (suicide) by discharge of firearms (X72-X74),919,12773801
1424,2013,Rhode Island,Intentional self-harm (suicide) by discharge of firearms (X72-X74),34,1051511
1426,2013,South Carolina,Intentional self-harm (suicide) by discharge of firearms (X72-X74),471,4774839
1428,2013,South Dakota,Intentional self-harm (suicide) by discharge of firearms (X72-X74),71,844877
1429,2013,Tennessee,Intentional self-harm (suicide) by discharge of firearms (X72-X74),679,6495978
1431,2013,Texas,Intentional self-harm (suicide) by discharge of firearms (X72-X74),1786,26448193
1433,2013,Utah,Intentional self-harm (suicide) by discharge of firearms (X72-X74),295,2900872
1435,2013,Vermont,Intentional self-harm (suicide) by discharge of firearms (X72-X74),59,626630
1436,2013,Virginia,Intentional self-harm (suicide) by discharge of firearms (X72-X74),601,8260405
1438,2013,Washington,Intentional self-harm (suicide) by discharge of firearms (X72-X74),483,6971406
1440,2013,West Virginia,Intentional self-harm (suicide) by discharge of firearms (X72-X74),225,1854304
1442,2013,Wisconsin,Intentional self-harm (suicide) by discharge of firearms (X72-X74),437,5742713
1444,2013,Wyoming,Intentional self-harm (suicide) by discharge of firearms (X72-X74),89,582658
1445,2014,Alabama,Intentional self-harm (suicide) by discharge of firearms (X72-X74),479,4849377
1447,2014,Alaska,Intentional self-harm (suicide) by discharge of firearms (X72-X74),115,736732
1449,2014,Arizona,Intentional self-harm (suicide) by discharge of firearms (X72-X74),684,6731484
1451,2014,Arkansas,Intentional self-harm (suicide) by discharge of firearms (X72-X74),323,2966369
1453,2014,California,Intentional self-harm (suicide) by discharge of firearms (X72-X74),1586,38802500
1455,2014,Colorado,Intentional self-harm (suicide) by discharge of firearms (X72-X74),539,5355866
1457,2014,Connecticut,Intentional self-harm (suicide) by discharge of firearms (X72-X74),125,3596677
1459,2014,Delaware,Intentional self-harm (suicide) by discharge of firearms (X72-X74),59,935614
1461,2014,District of Columbia,Intentional self-harm (suicide) by discharge of firearms (X72-X74),14,658893
1463,2014,Florida,Intentional self-harm (suicide) by discharge of firearms (X72-X74),1539,19893297
1465,2014,Georgia,Intentional self-harm (suicide) by discharge of firearms (X72-X74),842,10097343
1467,2014,Hawaii,Intentional self-harm (suicide) by discharge of firearms (X72-X74),33,1419561
1468,2014,Idaho,Intentional self-harm (suicide) by discharge of firearms (X72-X74),182,1634464
1470,2014,Illinois,Intentional self-harm (suicide) by discharge of firearms (X72-X74),534,12880580
1472,2014,Indiana,Intentional self-harm (suicide) by discharge of firearms (X72-X74),528,6596855
1474,2014,Iowa,Intentional self-harm (suicide) by discharge of firearms (X72-X74),194,3107126
1476,2014,Kansas,Intentional self-harm (suicide) by discharge of firearms (X72-X74),238,2904021
1478,2014,Kentucky,Intentional self-harm (suicide) by discharge of firearms (X72-X74),471,4413457
1480,2014,Louisiana,Intentional self-harm (suicide) by discharge of firearms (X72-X74),444,4649676
1482,2014,Maine,Intentional self-harm (suicide) by discharge of firearms (X72-X74),118,1330089
1484,2014,Maryland,Intentional self-harm (suicide) by discharge of firearms (X72-X74),278,5976407
1486,2014,Massachusetts,Intentional self-harm (suicide) by discharge of firearms (X72-X74),130,6745408
1488,2014,Michigan,Intentional self-harm (suicide) by discharge of firearms (X72-X74),672,9909877
1490,2014,Minnesota,Intentional self-harm (suicide) by discharge of firearms (X72-X74),309,5457173
1492,2014,Mississippi,Intentional self-harm (suicide) by discharge of firearms (X72-X74),251,2994079
1494,2014,Missouri,Intentional self-harm (suicide) by discharge of firearms (X72-X74),588,6063589
1496,2014,Montana,Intentional self-harm (suicide) by discharge of firearms (X72-X74),149,1023579
1498,2014,Nebraska,Intentional self-harm (suicide) by discharge of firearms (X72-X74),133,1881503
1500,2014,Nevada,Intentional self-harm (suicide) by discharge of firearms (X72-X74),309,2839099
1502,2014,New Hampshire,Intentional self-harm (suicide) by discharge of firearms (X72-X74),110,1326813
1503,2014,New Jersey,Intentional self-harm (suicide) by discharge of firearms (X72-X74),194,8938175
1505,2014,New Mexico,Intentional self-harm (suicide) by discharge of firearms (X72-X74),244,2085572
1507,2014,New York,Intentional self-harm (suicide) by discharge of firearms (X72-X74),474,19746227
1509,2014,North Carolina,Intentional self-harm (suicide) by discharge of firearms (X72-X74),760,9943964
1511,2014,North Dakota,Intentional self-harm (suicide) by discharge of firearms (X72-X74),85,739482
1512,2014,Ohio,Intentional self-harm (suicide) by discharge of firearms (X72-X74),745,11594163
1514,2014,Oklahoma,Intentional self-harm (suicide) by discharge of firearms (X72-X74),435,3878051
1516,2014,Oregon,Intentional self-harm (suicide) by discharge of firearms (X72-X74),422,3970239
1518,2014,Pennsylvania,Intentional self-harm (suicide) by discharge of firearms (X72-X74),898,12787209
1520,2014,Rhode Island,Intentional self-harm (suicide) by discharge of firearms (X72-X74),20,1055173
1522,2014,South Carolina,Intentional self-harm (suicide) by discharge of firearms (X72-X74),479,4832482
1524,2014,South Dakota,Intentional self-harm (suicide) by discharge of firearms (X72-X74),76,853175
1525,2014,Tennessee,Intentional self-harm (suicide) by discharge of firearms (X72-X74),644,6549352
1527,2014,Texas,Intentional self-harm (suicide) by discharge of firearms (X72-X74),1793,26956958
1529,2014,Utah,Intentional self-harm (suicide) by discharge of firearms (X72-X74),278,2942902
1531,2014,Vermont,Intentional self-harm (suicide) by discharge of firearms (X72-X74),59,626562
1532,2014,Virginia,Intentional self-harm (suicide) by discharge of firearms (X72-X74),626,8326289
1534,2014,Washington,Intentional self-harm (suicide) by discharge of firearms (X72-X74),551,7061530
1536,2014,West Virginia,Intentional self-harm (suicide) by discharge of firearms (X72-X74),217,1850326
1538,2014,Wisconsin,Intentional self-harm (suicide) by discharge of firearms (X72-X74),353,5757564
1540,2014,Wyoming,Intentional self-harm (suicide) by discharge of firearms (X72-X74),78,584153
1541,2015,Alabama,Intentional self-harm (suicide) by discharge of firearms (X72-X74),528,4858979
1543,2015,Alaska,Intentional self-harm (suicide) by discharge of firearms (X72-X74),123,738432
1545,2015,Arizona,Intentional self-harm (suicide) by discharge of firearms (X72-X74),707,6828065
1547,2015,Arkansas,Intentional self-harm (suicide) by discharge of firearms (X72-X74),343,2978204
1549,2015,California,Intentional self-harm (suicide) by discharge of firearms (X72-X74),1561,39144818
1551,2015,Colorado,Intentional self-harm (suicide) by discharge of firearms (X72-X74),541,5456574
1553,2015,Connecticut,Intentional self-harm (suicide) by discharge of firearms (X72-X74),104,3590886
1555,2015,Delaware,Intentional self-harm (suicide) by discharge of firearms (X72-X74),55,945934
1557,2015,District of Columbia,Intentional self-harm (suicide) by discharge of firearms (X72-X74),11,672228
1559,2015,Florida,Intentional self-harm (suicide) by discharge of firearms (X72-X74),1632,20271272
1561,2015,Georgia,Intentional self-harm (suicide) by discharge of firearms (X72-X74),824,10214860
1563,2015,Hawaii,Intentional self-harm (suicide) by discharge of firearms (X72-X74),44,1431603
1564,2015,Idaho,Intentional self-harm (suicide) by discharge of firearms (X72-X74),215,1654930
1566,2015,Illinois,Intentional self-harm (suicide) by discharge of firearms (X72-X74),495,12859995
1568,2015,Indiana,Intentional self-harm (suicide) by discharge of firearms (X72-X74),518,6619680
1570,2015,Iowa,Intentional self-harm (suicide) by discharge of firearms (X72-X74),194,3123899
1572,2015,Kansas,Intentional self-harm (suicide) by discharge of firearms (X72-X74),225,2911641
1574,2015,Kentucky,Intentional self-harm (suicide) by discharge of firearms (X72-X74),500,4425092
1576,2015,Louisiana,Intentional self-harm (suicide) by discharge of firearms (X72-X74),469,4670724
1578,2015,Maine,Intentional self-harm (suicide) by discharge of firearms (X72-X74),128,1329328
1580,2015,Maryland,Intentional self-harm (suicide) by discharge of firearms (X72-X74),244,6006401
1582,2015,Massachusetts,Intentional self-harm (suicide) by discharge of firearms (X72-X74),118,6794422
1584,2015,Michigan,Intentional self-harm (suicide) by discharge of firearms (X72-X74),692,9922576
1586,2015,Minnesota,Intentional self-harm (suicide) by discharge of firearms (X72-X74),304,5489594
1588,2015,Mississippi,Intentional self-harm (suicide) by discharge of firearms (X72-X74),292,2992333
1590,2015,Missouri,Intentional self-harm (suicide) by discharge of firearms (X72-X74),606,6083672
1592,2015,Montana,Intentional self-harm (suicide) by discharge of firearms (X72-X74),174,1032949
1594,2015,Nebraska,Intentional self-harm (suicide) by discharge of firearms (X72-X74),114,1896190
1596,2015,Nevada,Intentional self-harm (suicide) by discharge of firearms (X72-X74),293,2890845
1598,2015,New Hampshire,Intentional self-harm (suicide) by discharge of firearms (X72-X74),107,1330608
1600,2015,New Jersey,Intentional self-harm (suicide) by discharge of firearms (X72-X74),189,8958013
1602,2015,New Mexico,Intentional self-harm (suicide) by discharge of firearms (X72-X74),275,2085109
1604,2015,New York,Intentional self-harm (suicide) by discharge of firearms (X72-X74),421,19795791
1606,2015,North Carolina,Intentional self-harm (suicide) by discharge of firearms (X72-X74),787,10042802
1608,2015,North Dakota,Intentional self-harm (suicide) by discharge of firearms (X72-X74),76,756927
1610,2015,Ohio,Intentional self-harm (suicide) by discharge of firearms (X72-X74),861,11613423
1612,2015,Oklahoma,Intentional self-harm (suicide) by discharge of firearms (X72-X74),469,3911338
1614,2015,Oregon,Intentional self-harm (suicide) by discharge of firearms (X72-X74),373,4028977
1616,2015,Pennsylvania,Intentional self-harm (suicide) by discharge of firearms (X72-X74),932,12802503
1618,2015,Rhode Island,Intentional self-harm (suicide) by discharge of firearms (X72-X74),40,1056298
1620,2015,South Carolina,Intentional self-harm (suicide) by discharge of firearms (X72-X74),469,4896146
1622,2015,South Dakota,Intentional self-harm (suicide) by discharge of firearms (X72-X74),73,858469
1624,2015,Tennessee,Intentional self-harm (suicide) by discharge of firearms (X72-X74),638,6600299
1626,2015,Texas,Intentional self-harm (suicide) by discharge of firearms (X72-X74),1996,27469114
1628,2015,Utah,Intentional self-harm (suicide) by discharge of firearms (X72-X74),315,2995919
1630,2015,Vermont,Intentional self-harm (suicide) by discharge of firearms (X72-X74),59,626042
1632,2015,Virginia,Intentional self-harm (suicide) by discharge of firearms (X72-X74),631,8382993
1634,2015,Washington,Intentional self-harm (suicide) by discharge of firearms (X72-X74),539,7170351
1636,2015,West Virginia,Intentional self-harm (suicide) by discharge of firearms (X72-X74),215,1844128
1638,2015,Wisconsin,Intentional self-harm (suicide) by discharge of firearms (X72-X74),424,5771337
1640,2015,Wyoming,Intentional self-harm (suicide) by discharge of firearms (X72-X74),95,586107
1642,2016,Alabama,Intentional self-harm (suicide) by discharge of firearms (X72-X74),551,4863300
1644,2016,Alaska,Intentional self-harm (suicide) by discharge of firearms (X72-X74),113,741894
1646,2016,Arizona,Intentional self-harm (suicide) by discharge of firearms (X72-X74),755,6931071
1648,2016,Arkansas,Intentional self-harm (suicide) by discharge of firearms (X72-X74),331,2988248
1650,2016,California,Intentional self-harm (suicide) by discharge of firearms (X72-X74),1596,39250017
1652,2016,Colorado,Intentional self-harm (suicide) by discharge of firearms (X72-X74),613,5540545
1654,2016,Connecticut,Intentional self-harm (suicide) by discharge of firearms (X72-X74),111,3576452
1656,2016,Delaware,Intentional self-harm (suicide) by discharge of firearms (X72-X74),65,952065
1659,2016,Florida,Intentional self-harm (suicide) by discharge of firearms (X72-X74),1673,20612439
1661,2016,Georgia,Intentional self-harm (suicide) by discharge of firearms (X72-X74),871,10310371
1663,2016,Hawaii,Intentional self-harm (suicide) by discharge of firearms (X72-X74),37,1428557
1665,2016,Idaho,Intentional self-harm (suicide) by discharge of firearms (X72-X74),215,1683140
1667,2016,Illinois,Intentional self-harm (suicide) by discharge of firearms (X72-X74),506,12801539
1669,2016,Indiana,Intentional self-harm (suicide) by discharge of firearms (X72-X74),591,6633053
1671,2016,Iowa,Intentional self-harm (suicide) by discharge of firearms (X72-X74),229,3134693
1673,2016,Kansas,Intentional self-harm (suicide) by discharge of firearms (X72-X74),258,2907289
1675,2016,Kentucky,Intentional self-harm (suicide) by discharge of firearms (X72-X74),495,4436974
1677,2016,Louisiana,Intentional self-harm (suicide) by discharge of firearms (X72-X74),440,4681666
1679,2016,Maine,Intentional self-harm (suicide) by discharge of firearms (X72-X74),112,1331479
1680,2016,Maryland,Intentional self-harm (suicide) by discharge of firearms (X72-X74),251,6016447
1682,2016,Massachusetts,Intentional self-harm (suicide) by discharge of firearms (X72-X74),140,6811779
1684,2016,Michigan,Intentional self-harm (suicide) by discharge of firearms (X72-X74),717,9928300
1686,2016,Minnesota,Intentional self-harm (suicide) by discharge of firearms (X72-X74),332,5519952
1688,2016,Mississippi,Intentional self-harm (suicide) by discharge of firearms (X72-X74),268,2988726
1690,2016,Missouri,Intentional self-harm (suicide) by discharge of firearms (X72-X74),650,6093000
1692,2016,Montana,Intentional self-harm (suicide) by discharge of firearms (X72-X74),163,1042520
1694,2016,Nebraska,Intentional self-harm (suicide) by discharge of firearms (X72-X74),116,1907116
1696,2016,Nevada,Intentional self-harm (suicide) by discharge of firearms (X72-X74),334,2940058
1698,2016,New Hampshire,Intentional self-harm (suicide) by discharge of firearms (X72-X74),123,1334795
1699,2016,New Jersey,Intentional self-harm (suicide) by discharge of firearms (X72-X74),176,8944469
1701,2016,New Mexico,Intentional self-harm (suicide) by discharge of firearms (X72-X74),243,2081015
1703,2016,New York,Intentional self-harm (suicide) by discharge of firearms (X72-X74),490,19745289
1705,2016,North Carolina,Intentional self-harm (suicide) by discharge of firearms (X72-X74),788,10146788
1707,2016,North Dakota,Intentional self-harm (suicide) by discharge of firearms (X72-X74),75,757952
1709,2016,Ohio,Intentional self-harm (suicide) by discharge of firearms (X72-X74),927,11614373
1711,2016,Oklahoma,Intentional self-harm (suicide) by discharge of firearms (X72-X74),517,3923561
1713,2016,Oregon,Intentional self-harm (suicide) by discharge of firearms (X72-X74),414,4093465
1715,2016,Pennsylvania,Intentional self-harm (suicide) by discharge of firearms (X72-X74),977,12784227
1717,2016,Rhode Island,Intentional self-harm (suicide) by discharge of firearms (X72-X74),35,1056426
1719,2016,South Carolina,Intentional self-harm (suicide) by discharge of firearms (X72-X74),525,4961119
1721,2016,South Dakota,Intentional self-harm (suicide) by discharge of firearms (X72-X74),84,865454
1723,2016,Tennessee,Intentional self-harm (suicide) by discharge of firearms (X72-X74),675,6651194
1725,2016,Texas,Intentional self-harm (suicide) by discharge of firearms (X72-X74),2019,27862596
1727,2016,Utah,Intentional self-harm (suicide) by discharge of firearms (X72-X74),309,3051217
1729,2016,Vermont,Intentional self-harm (suicide) by discharge of firearms (X72-X74),69,624594
1730,2016,Virginia,Intentional self-harm (suicide) by discharge of firearms (X72-X74),671,8411808
1732,2016,Washington,Intentional self-harm (suicide) by discharge of firearms (X72-X74),515,7288000
1734,2016,West Virginia,Intentional self-harm (suicide) by discharge of firearms (X72-X74),238,1831102
1736,2016,Wisconsin,Intentional self-harm (suicide) by discharge of firearms (X72-X74),455,5778708
1738,2016,Wyoming,Intentional self-harm (suicide) by discharge of firearms (X72-X74),88,585501
